org,repo,repo_id
openmls,openmls,150978
sequoia-pgp,fast-forward,150822
OpenMathLib,OpenBLAS,150829
php,web-pecl,150853
NLnetLabs,domain,150832
tc39,test262,150988
pendulum-project,ntpd-rs,191303
fortran-lang,fpm,191494
prefix-dev,rattler-build,151273
qos-ch,logback,150981
rubygems,rubygems,150983
systemd,systemd,150828
GStreamer,qt-gstreamer,151274
rustls,rustls,151276
Lullabot,drupal9ci,150985
uutils,coreutils,151272
apache,logging-log4j2,37405
GNOME,libxml2,150821
openpgpjs,openpgpjs,151293
w3c,activitypub,151251
curl,curl,193661
pyca,cryptography,150977
