month,unique_contributors,org_name
2012-01,801,apache
2012-02,847,apache
2012-03,839,apache
2012-04,803,apache
2012-05,836,apache
2012-06,819,apache
2012-07,867,apache
2012-08,888,apache
2012-09,865,apache
2012-10,906,apache
2012-11,915,apache
2012-12,821,apache
2013-01,937,apache
2013-02,946,apache
2013-03,1025,apache
2013-04,996,apache
2013-05,1031,apache
2013-06,1062,apache
2013-07,1107,apache
2013-08,1061,apache
2013-09,1016,apache
2013-10,1129,apache
2013-11,1092,apache
2013-12,1065,apache
2014-01,1193,apache
2014-02,1186,apache
2014-03,1262,apache
2014-04,1296,apache
2014-05,1347,apache
2014-06,1352,apache
2014-07,1408,apache
2014-08,1384,apache
2014-09,1406,apache
2014-10,1508,apache
2014-11,1424,apache
2014-12,1407,apache
2015-01,1527,apache
2015-02,1553,apache
2015-03,1676,apache
2015-04,1729,apache
2015-05,1725,apache
2015-06,1758,apache
2015-07,1729,apache
2015-08,1687,apache
2015-09,1716,apache
2015-10,1870,apache
2015-11,1887,apache
2015-12,1753,apache
2016-01,1897,apache
2016-02,1936,apache
2016-03,1993,apache
2016-04,2080,apache
2016-05,2092,apache
2016-06,2082,apache
2016-07,2044,apache
2016-08,2147,apache
2016-09,2053,apache
2016-10,2074,apache
2016-11,2116,apache
2016-12,2002,apache
2017-01,2063,apache
2017-02,2121,apache
2017-03,2303,apache
2017-04,2167,apache
2017-05,2219,apache
2017-06,2187,apache
2017-07,2142,apache
2017-08,2297,apache
2017-09,2261,apache
2017-10,2247,apache
2017-11,2212,apache
2017-12,2072,apache
2018-01,2346,apache
2018-02,2214,apache
2018-03,2282,apache
2018-04,2338,apache
2018-05,2404,apache
2018-06,2236,apache
2018-07,2264,apache
2018-08,2408,apache
2018-09,2192,apache
2018-10,2390,apache
2018-11,2341,apache
2018-12,2219,apache
2019-01,2431,apache
2019-02,2221,apache
2019-03,2505,apache
2019-04,2318,apache
2019-05,2416,apache
2019-06,2280,apache
2019-07,2441,apache
2019-08,2470,apache
2019-09,2381,apache
2019-10,2460,apache
2019-11,2427,apache
2019-12,2302,apache
2020-01,2395,apache
2020-02,2326,apache
2020-03,2516,apache
2020-04,2617,apache
2020-05,2559,apache
2020-06,2693,apache
2020-07,2540,apache
2020-08,2362,apache
2020-09,2351,apache
2020-10,2500,apache
2020-11,2335,apache
2020-12,2413,apache
2021-01,2479,apache
2021-02,2302,apache
2021-03,2604,apache
2021-04,2469,apache
2021-05,2388,apache
2021-06,2507,apache
2021-07,2549,apache
2021-08,2465,apache
2021-09,2560,apache
2021-10,2366,apache
2021-11,2523,apache
2021-12,2467,apache
2022-01,2615,apache
2022-02,2600,apache
2022-03,2903,apache
2022-04,2804,apache
2022-05,2654,apache
2022-06,2832,apache
2022-07,2761,apache
2022-08,2848,apache
2022-09,2734,apache
2022-10,2915,apache
2022-11,2869,apache
2022-12,2600,apache
2023-01,2786,apache
2023-02,2737,apache
2023-03,2855,apache
2023-04,2766,apache
2023-05,2703,apache
2023-06,2660,apache
2023-07,2581,apache
2023-08,2714,apache
2023-09,2649,apache
2023-10,2596,apache
2023-11,2565,apache
2023-12,2474,apache
2024-01,2546,apache
2024-02,2325,apache
2024-03,2518,apache
2024-04,1384,apache
2012-01,11,curl
2012-02,9,curl
2012-03,13,curl
2012-04,15,curl
2012-05,11,curl
2012-06,11,curl
2012-07,14,curl
2012-08,11,curl
2012-09,12,curl
2012-10,8,curl
2012-11,22,curl
2012-12,10,curl
2013-01,11,curl
2013-02,22,curl
2013-03,16,curl
2013-04,22,curl
2013-05,13,curl
2013-06,13,curl
2013-07,14,curl
2013-08,14,curl
2013-09,14,curl
2013-10,19,curl
2013-11,8,curl
2013-12,10,curl
2014-01,20,curl
2014-02,20,curl
2014-03,16,curl
2014-04,8,curl
2014-05,15,curl
2014-06,10,curl
2014-07,18,curl
2014-08,17,curl
2014-09,18,curl
2014-10,15,curl
2014-11,21,curl
2014-12,17,curl
2015-01,16,curl
2015-02,13,curl
2015-03,25,curl
2015-04,21,curl
2015-05,18,curl
2015-06,14,curl
2015-07,15,curl
2015-08,23,curl
2015-09,21,curl
2015-10,20,curl
2015-11,17,curl
2015-12,12,curl
2016-01,17,curl
2016-02,21,curl
2016-03,17,curl
2016-04,19,curl
2016-05,21,curl
2016-06,16,curl
2016-07,13,curl
2016-08,27,curl
2016-09,20,curl
2016-10,21,curl
2016-11,24,curl
2016-12,15,curl
2017-01,23,curl
2017-02,21,curl
2017-03,33,curl
2017-04,16,curl
2017-05,18,curl
2017-06,22,curl
2017-07,16,curl
2017-08,27,curl
2017-09,20,curl
2017-10,29,curl
2017-11,17,curl
2017-12,24,curl
2018-01,20,curl
2018-02,24,curl
2018-03,24,curl
2018-04,25,curl
2018-05,28,curl
2018-06,22,curl
2018-07,23,curl
2018-08,18,curl
2018-09,30,curl
2018-10,20,curl
2018-11,28,curl
2018-12,22,curl
2019-01,25,curl
2019-02,21,curl
2019-03,19,curl
2019-04,25,curl
2019-05,23,curl
2019-06,24,curl
2019-07,25,curl
2019-08,25,curl
2019-09,37,curl
2019-10,25,curl
2019-11,31,curl
2019-12,15,curl
2020-01,20,curl
2020-02,18,curl
2020-03,27,curl
2020-04,31,curl
2020-05,23,curl
2020-06,24,curl
2020-07,25,curl
2020-08,26,curl
2020-09,18,curl
2020-10,18,curl
2020-11,16,curl
2020-12,25,curl
2021-01,18,curl
2021-02,20,curl
2021-03,23,curl
2021-04,33,curl
2021-05,36,curl
2021-06,42,curl
2021-07,29,curl
2021-08,31,curl
2021-09,34,curl
2021-10,31,curl
2021-11,23,curl
2021-12,25,curl
2022-01,30,curl
2022-02,31,curl
2022-03,29,curl
2022-04,25,curl
2022-05,26,curl
2022-06,25,curl
2022-07,23,curl
2022-08,30,curl
2022-09,28,curl
2022-10,33,curl
2022-11,28,curl
2022-12,35,curl
2023-01,28,curl
2023-02,31,curl
2023-03,36,curl
2023-04,39,curl
2023-05,37,curl
2023-06,29,curl
2023-07,37,curl
2023-08,33,curl
2023-09,33,curl
2023-10,27,curl
2023-11,23,curl
2023-12,37,curl
2024-01,29,curl
2024-02,30,curl
2024-03,25,curl
2024-04,17,curl
2012-02,1,fortran-lang
2012-06,1,fortran-lang
2013-02,1,fortran-lang
2015-02,1,fortran-lang
2017-05,1,fortran-lang
2017-07,2,fortran-lang
2017-08,1,fortran-lang
2017-09,2,fortran-lang
2017-10,1,fortran-lang
2017-11,1,fortran-lang
2017-12,2,fortran-lang
2018-01,1,fortran-lang
2018-03,2,fortran-lang
2018-04,5,fortran-lang
2018-05,3,fortran-lang
2018-06,4,fortran-lang
2018-07,2,fortran-lang
2018-08,1,fortran-lang
2018-09,2,fortran-lang
2018-10,4,fortran-lang
2018-11,1,fortran-lang
2019-01,4,fortran-lang
2019-02,3,fortran-lang
2019-03,3,fortran-lang
2019-04,1,fortran-lang
2019-05,2,fortran-lang
2019-06,2,fortran-lang
2019-07,3,fortran-lang
2019-08,2,fortran-lang
2019-09,2,fortran-lang
2019-11,1,fortran-lang
2019-12,9,fortran-lang
2020-01,14,fortran-lang
2020-02,13,fortran-lang
2020-03,10,fortran-lang
2020-04,18,fortran-lang
2020-05,24,fortran-lang
2020-06,19,fortran-lang
2020-07,18,fortran-lang
2020-08,8,fortran-lang
2020-09,16,fortran-lang
2020-10,21,fortran-lang
2020-11,18,fortran-lang
2020-12,23,fortran-lang
2021-01,13,fortran-lang
2021-02,16,fortran-lang
2021-03,31,fortran-lang
2021-04,24,fortran-lang
2021-05,27,fortran-lang
2021-06,38,fortran-lang
2021-07,37,fortran-lang
2021-08,29,fortran-lang
2021-09,32,fortran-lang
2021-10,22,fortran-lang
2021-11,21,fortran-lang
2021-12,28,fortran-lang
2022-01,25,fortran-lang
2022-02,22,fortran-lang
2022-03,23,fortran-lang
2022-04,26,fortran-lang
2022-05,19,fortran-lang
2022-06,24,fortran-lang
2022-07,19,fortran-lang
2022-08,26,fortran-lang
2022-09,35,fortran-lang
2022-10,18,fortran-lang
2022-11,19,fortran-lang
2022-12,13,fortran-lang
2023-01,12,fortran-lang
2023-02,20,fortran-lang
2023-03,24,fortran-lang
2023-04,20,fortran-lang
2023-05,30,fortran-lang
2023-06,26,fortran-lang
2023-07,26,fortran-lang
2023-08,16,fortran-lang
2023-09,15,fortran-lang
2023-10,19,fortran-lang
2023-11,13,fortran-lang
2023-12,19,fortran-lang
2024-01,17,fortran-lang
2024-02,14,fortran-lang
2024-03,22,fortran-lang
2024-04,15,fortran-lang
2015-06,1,openjs-foundation
2015-07,2,openjs-foundation
2015-08,2,openjs-foundation
2016-07,1,openjs-foundation
2016-08,2,openjs-foundation
2016-09,1,openjs-foundation
2016-11,1,openjs-foundation
2017-01,1,openjs-foundation
2017-04,1,openjs-foundation
2017-09,2,openjs-foundation
2017-10,4,openjs-foundation
2017-11,3,openjs-foundation
2017-12,2,openjs-foundation
2018-01,2,openjs-foundation
2018-03,6,openjs-foundation
2018-04,3,openjs-foundation
2018-05,22,openjs-foundation
2018-06,3,openjs-foundation
2018-07,3,openjs-foundation
2018-08,4,openjs-foundation
2018-09,5,openjs-foundation
2018-10,12,openjs-foundation
2018-11,6,openjs-foundation
2018-12,4,openjs-foundation
2019-01,12,openjs-foundation
2019-02,7,openjs-foundation
2019-03,9,openjs-foundation
2019-04,6,openjs-foundation
2019-05,12,openjs-foundation
2019-06,14,openjs-foundation
2019-07,14,openjs-foundation
2019-08,10,openjs-foundation
2019-09,6,openjs-foundation
2019-10,9,openjs-foundation
2019-11,6,openjs-foundation
2019-12,10,openjs-foundation
2020-01,18,openjs-foundation
2020-02,10,openjs-foundation
2020-03,10,openjs-foundation
2020-04,13,openjs-foundation
2020-05,12,openjs-foundation
2020-06,11,openjs-foundation
2020-07,7,openjs-foundation
2020-08,12,openjs-foundation
2020-09,7,openjs-foundation
2020-10,4,openjs-foundation
2020-11,4,openjs-foundation
2020-12,5,openjs-foundation
2021-01,4,openjs-foundation
2021-02,7,openjs-foundation
2021-03,10,openjs-foundation
2021-04,2,openjs-foundation
2021-05,5,openjs-foundation
2021-06,2,openjs-foundation
2021-07,9,openjs-foundation
2021-08,5,openjs-foundation
2021-09,6,openjs-foundation
2021-10,2,openjs-foundation
2021-11,2,openjs-foundation
2021-12,2,openjs-foundation
2022-01,6,openjs-foundation
2022-02,4,openjs-foundation
2022-03,8,openjs-foundation
2022-04,11,openjs-foundation
2022-05,5,openjs-foundation
2022-06,2,openjs-foundation
2022-07,5,openjs-foundation
2022-08,4,openjs-foundation
2022-09,5,openjs-foundation
2022-10,4,openjs-foundation
2022-11,13,openjs-foundation
2022-12,5,openjs-foundation
2023-01,8,openjs-foundation
2023-02,4,openjs-foundation
2023-03,10,openjs-foundation
2023-04,15,openjs-foundation
2023-05,8,openjs-foundation
2023-06,10,openjs-foundation
2023-07,10,openjs-foundation
2023-08,14,openjs-foundation
2023-09,10,openjs-foundation
2023-10,13,openjs-foundation
2023-11,5,openjs-foundation
2023-12,4,openjs-foundation
2024-01,10,openjs-foundation
2024-02,12,openjs-foundation
2024-03,12,openjs-foundation
2024-04,4,openjs-foundation
2017-02,2,openmls
2017-03,1,openmls
2017-04,1,openmls
2017-05,2,openmls
2018-05,1,openmls
2018-11,2,openmls
2019-01,2,openmls
2019-02,1,openmls
2019-03,3,openmls
2019-04,1,openmls
2019-05,1,openmls
2019-11,3,openmls
2019-12,1,openmls
2020-04,3,openmls
2020-05,2,openmls
2020-07,1,openmls
2020-08,2,openmls
2020-09,2,openmls
2020-10,3,openmls
2020-11,3,openmls
2020-12,4,openmls
2021-01,4,openmls
2021-02,5,openmls
2021-03,4,openmls
2021-04,5,openmls
2021-05,3,openmls
2021-06,3,openmls
2021-07,2,openmls
2021-08,1,openmls
2021-09,3,openmls
2021-10,4,openmls
2021-11,4,openmls
2021-12,5,openmls
2022-01,6,openmls
2022-02,6,openmls
2022-03,2,openmls
2022-04,4,openmls
2022-05,1,openmls
2022-06,4,openmls
2022-07,2,openmls
2022-09,4,openmls
2022-10,5,openmls
2022-11,7,openmls
2022-12,7,openmls
2023-01,5,openmls
2023-02,7,openmls
2023-03,5,openmls
2023-04,7,openmls
2023-05,7,openmls
2023-06,4,openmls
2023-07,5,openmls
2023-08,4,openmls
2023-09,5,openmls
2023-10,2,openmls
2023-11,5,openmls
2023-12,3,openmls
2024-01,4,openmls
2024-02,8,openmls
2024-03,6,openmls
2024-04,4,openmls
2012-01,5,openpgpjs
2012-02,3,openpgpjs
2012-03,6,openpgpjs
2012-04,9,openpgpjs
2012-05,5,openpgpjs
2012-06,4,openpgpjs
2012-07,5,openpgpjs
2012-08,6,openpgpjs
2012-09,7,openpgpjs
2012-10,14,openpgpjs
2012-11,6,openpgpjs
2012-12,8,openpgpjs
2013-01,16,openpgpjs
2013-02,14,openpgpjs
2013-03,12,openpgpjs
2013-04,10,openpgpjs
2013-05,8,openpgpjs
2013-06,10,openpgpjs
2013-07,7,openpgpjs
2013-08,10,openpgpjs
2013-09,14,openpgpjs
2013-10,15,openpgpjs
2013-11,17,openpgpjs
2013-12,17,openpgpjs
2014-01,14,openpgpjs
2014-02,12,openpgpjs
2014-03,10,openpgpjs
2014-04,16,openpgpjs
2014-05,15,openpgpjs
2014-06,15,openpgpjs
2014-07,11,openpgpjs
2014-08,9,openpgpjs
2014-09,13,openpgpjs
2014-10,12,openpgpjs
2014-11,15,openpgpjs
2014-12,13,openpgpjs
2015-01,13,openpgpjs
2015-02,13,openpgpjs
2015-03,13,openpgpjs
2015-04,12,openpgpjs
2015-05,10,openpgpjs
2015-06,12,openpgpjs
2015-07,11,openpgpjs
2015-08,17,openpgpjs
2015-09,9,openpgpjs
2015-10,12,openpgpjs
2015-11,8,openpgpjs
2015-12,10,openpgpjs
2016-01,18,openpgpjs
2016-02,14,openpgpjs
2016-03,16,openpgpjs
2016-04,10,openpgpjs
2016-05,5,openpgpjs
2016-06,5,openpgpjs
2016-07,6,openpgpjs
2016-08,7,openpgpjs
2016-09,9,openpgpjs
2016-10,4,openpgpjs
2016-11,6,openpgpjs
2016-12,9,openpgpjs
2017-01,7,openpgpjs
2017-02,12,openpgpjs
2017-03,12,openpgpjs
2017-04,6,openpgpjs
2017-05,2,openpgpjs
2017-06,10,openpgpjs
2017-07,15,openpgpjs
2017-08,6,openpgpjs
2017-09,10,openpgpjs
2017-10,6,openpgpjs
2017-11,4,openpgpjs
2017-12,8,openpgpjs
2018-01,8,openpgpjs
2018-02,9,openpgpjs
2018-03,8,openpgpjs
2018-04,4,openpgpjs
2018-05,9,openpgpjs
2018-06,6,openpgpjs
2018-07,7,openpgpjs
2018-08,8,openpgpjs
2018-09,4,openpgpjs
2018-10,5,openpgpjs
2018-11,11,openpgpjs
2018-12,8,openpgpjs
2019-01,17,openpgpjs
2019-02,7,openpgpjs
2019-03,3,openpgpjs
2019-04,4,openpgpjs
2019-05,4,openpgpjs
2019-06,8,openpgpjs
2019-07,7,openpgpjs
2019-08,4,openpgpjs
2019-09,6,openpgpjs
2019-10,6,openpgpjs
2019-11,5,openpgpjs
2019-12,7,openpgpjs
2020-01,10,openpgpjs
2020-02,4,openpgpjs
2020-03,10,openpgpjs
2020-04,9,openpgpjs
2020-05,4,openpgpjs
2020-06,3,openpgpjs
2020-07,5,openpgpjs
2020-08,3,openpgpjs
2020-09,4,openpgpjs
2020-11,3,openpgpjs
2020-12,1,openpgpjs
2021-01,2,openpgpjs
2021-02,9,openpgpjs
2021-03,5,openpgpjs
2021-04,3,openpgpjs
2021-05,5,openpgpjs
2021-06,4,openpgpjs
2021-07,7,openpgpjs
2021-08,2,openpgpjs
2021-09,3,openpgpjs
2021-10,5,openpgpjs
2021-11,5,openpgpjs
2021-12,9,openpgpjs
2022-01,5,openpgpjs
2022-02,5,openpgpjs
2022-03,2,openpgpjs
2022-05,3,openpgpjs
2022-06,6,openpgpjs
2022-07,6,openpgpjs
2022-08,5,openpgpjs
2022-09,4,openpgpjs
2022-10,4,openpgpjs
2022-11,3,openpgpjs
2022-12,2,openpgpjs
2023-01,6,openpgpjs
2023-02,7,openpgpjs
2023-03,3,openpgpjs
2023-04,8,openpgpjs
2023-05,7,openpgpjs
2023-06,8,openpgpjs
2023-07,3,openpgpjs
2023-08,4,openpgpjs
2023-09,7,openpgpjs
2023-10,6,openpgpjs
2023-11,3,openpgpjs
2023-12,1,openpgpjs
2024-01,2,openpgpjs
2024-02,2,openpgpjs
2024-03,1,openpgpjs
2020-02,1,pendulum-project
2022-01,4,pendulum-project
2022-02,4,pendulum-project
2022-03,5,pendulum-project
2022-04,5,pendulum-project
2022-05,11,pendulum-project
2022-06,6,pendulum-project
2022-07,6,pendulum-project
2022-08,6,pendulum-project
2022-09,8,pendulum-project
2022-10,10,pendulum-project
2022-11,9,pendulum-project
2022-12,7,pendulum-project
2023-01,11,pendulum-project
2023-02,10,pendulum-project
2023-03,11,pendulum-project
2023-04,12,pendulum-project
2023-05,9,pendulum-project
2023-06,6,pendulum-project
2023-07,10,pendulum-project
2023-08,10,pendulum-project
2023-09,5,pendulum-project
2023-10,15,pendulum-project
2023-11,11,pendulum-project
2023-12,14,pendulum-project
2024-01,9,pendulum-project
2024-02,5,pendulum-project
2024-03,8,pendulum-project
2024-04,3,pendulum-project
2012-01,78,php
2012-02,74,php
2012-03,94,php
2012-04,70,php
2012-05,69,php
2012-06,63,php
2012-07,63,php
2012-08,77,php
2012-09,73,php
2012-10,58,php
2012-11,62,php
2012-12,64,php
2013-01,75,php
2013-02,66,php
2013-03,73,php
2013-04,60,php
2013-05,55,php
2013-06,80,php
2013-07,73,php
2013-08,63,php
2013-09,65,php
2013-10,82,php
2013-11,66,php
2013-12,67,php
2014-01,70,php
2014-02,60,php
2014-03,72,php
2014-04,75,php
2014-05,76,php
2014-06,64,php
2014-07,90,php
2014-08,79,php
2014-09,80,php
2014-10,63,php
2014-11,64,php
2014-12,79,php
2015-01,81,php
2015-02,78,php
2015-03,80,php
2015-04,64,php
2015-05,75,php
2015-06,84,php
2015-07,57,php
2015-08,69,php
2015-09,78,php
2015-10,73,php
2015-11,56,php
2015-12,65,php
2016-01,64,php
2016-02,61,php
2016-03,63,php
2016-04,66,php
2016-05,58,php
2016-06,75,php
2016-07,83,php
2016-08,70,php
2016-09,65,php
2016-10,60,php
2016-11,77,php
2016-12,78,php
2017-01,81,php
2017-02,62,php
2017-03,65,php
2017-04,66,php
2017-05,51,php
2017-06,81,php
2017-07,76,php
2017-08,59,php
2017-09,58,php
2017-10,60,php
2017-11,72,php
2017-12,57,php
2018-01,50,php
2018-02,66,php
2018-03,62,php
2018-04,54,php
2018-05,35,php
2018-06,61,php
2018-07,65,php
2018-08,63,php
2018-09,53,php
2018-10,57,php
2018-11,57,php
2018-12,53,php
2019-01,58,php
2019-02,85,php
2019-03,75,php
2019-04,68,php
2019-05,57,php
2019-06,50,php
2019-07,55,php
2019-08,68,php
2019-09,59,php
2019-10,62,php
2019-11,46,php
2019-12,56,php
2020-01,59,php
2020-02,46,php
2020-03,44,php
2020-04,46,php
2020-05,48,php
2020-06,55,php
2020-07,54,php
2020-08,57,php
2020-09,64,php
2020-10,48,php
2020-11,67,php
2020-12,63,php
2021-01,92,php
2021-02,72,php
2021-03,79,php
2021-04,99,php
2021-05,92,php
2021-06,85,php
2021-07,79,php
2021-08,89,php
2021-09,88,php
2021-10,82,php
2021-11,98,php
2021-12,90,php
2022-01,68,php
2022-02,60,php
2022-03,75,php
2022-04,76,php
2022-05,75,php
2022-06,83,php
2022-07,105,php
2022-08,90,php
2022-09,78,php
2022-10,82,php
2022-11,76,php
2022-12,92,php
2023-01,72,php
2023-02,80,php
2023-03,74,php
2023-04,64,php
2023-05,87,php
2023-06,86,php
2023-07,89,php
2023-08,98,php
2023-09,78,php
2023-10,92,php
2023-11,85,php
2023-12,71,php
2024-01,83,php
2024-02,73,php
2024-03,69,php
2024-04,38,php
2019-07,2,prefix-dev
2020-02,1,prefix-dev
2020-04,2,prefix-dev
2020-05,196,prefix-dev
2020-06,196,prefix-dev
2020-07,128,prefix-dev
2020-08,73,prefix-dev
2020-09,82,prefix-dev
2020-10,101,prefix-dev
2020-11,82,prefix-dev
2020-12,87,prefix-dev
2021-01,88,prefix-dev
2021-02,79,prefix-dev
2021-03,83,prefix-dev
2021-04,83,prefix-dev
2021-05,267,prefix-dev
2021-06,261,prefix-dev
2021-07,146,prefix-dev
2021-08,117,prefix-dev
2021-09,117,prefix-dev
2021-10,149,prefix-dev
2021-11,137,prefix-dev
2021-12,129,prefix-dev
2022-01,128,prefix-dev
2022-02,126,prefix-dev
2022-03,140,prefix-dev
2022-04,124,prefix-dev
2022-05,167,prefix-dev
2022-06,155,prefix-dev
2022-07,161,prefix-dev
2022-08,189,prefix-dev
2022-09,197,prefix-dev
2022-10,206,prefix-dev
2022-11,197,prefix-dev
2022-12,205,prefix-dev
2023-01,216,prefix-dev
2023-02,240,prefix-dev
2023-03,288,prefix-dev
2023-04,286,prefix-dev
2023-05,278,prefix-dev
2023-06,291,prefix-dev
2023-07,289,prefix-dev
2023-08,330,prefix-dev
2023-09,327,prefix-dev
2023-10,339,prefix-dev
2023-11,368,prefix-dev
2023-12,355,prefix-dev
2024-01,393,prefix-dev
2024-02,361,prefix-dev
2024-03,365,prefix-dev
2024-04,255,prefix-dev
2012-02,1,pyca
2012-03,1,pyca
2012-04,1,pyca
2012-09,1,pyca
2013-02,2,pyca
2013-03,4,pyca
2013-04,2,pyca
2013-05,1,pyca
2013-08,6,pyca
2013-09,5,pyca
2013-10,11,pyca
2013-11,8,pyca
2013-12,8,pyca
2014-01,12,pyca
2014-02,21,pyca
2014-03,17,pyca
2014-04,19,pyca
2014-05,14,pyca
2014-06,20,pyca
2014-07,13,pyca
2014-08,8,pyca
2014-09,11,pyca
2014-10,9,pyca
2014-11,9,pyca
2014-12,12,pyca
2015-01,10,pyca
2015-02,8,pyca
2015-03,12,pyca
2015-04,22,pyca
2015-05,19,pyca
2015-06,18,pyca
2015-07,9,pyca
2015-08,16,pyca
2015-09,13,pyca
2015-10,15,pyca
2015-11,6,pyca
2015-12,12,pyca
2016-01,15,pyca
2016-02,7,pyca
2016-03,9,pyca
2016-04,10,pyca
2016-05,6,pyca
2016-06,10,pyca
2016-07,13,pyca
2016-08,12,pyca
2016-09,8,pyca
2016-10,7,pyca
2016-11,14,pyca
2016-12,12,pyca
2017-01,13,pyca
2017-02,11,pyca
2017-03,8,pyca
2017-04,7,pyca
2017-05,8,pyca
2017-06,11,pyca
2017-07,5,pyca
2017-08,7,pyca
2017-09,5,pyca
2017-10,8,pyca
2017-11,7,pyca
2017-12,4,pyca
2018-01,8,pyca
2018-02,9,pyca
2018-03,12,pyca
2018-04,12,pyca
2018-05,12,pyca
2018-06,9,pyca
2018-07,8,pyca
2018-08,9,pyca
2018-09,4,pyca
2018-10,10,pyca
2018-11,4,pyca
2018-12,11,pyca
2019-01,9,pyca
2019-02,9,pyca
2019-03,8,pyca
2019-04,7,pyca
2019-05,10,pyca
2019-06,7,pyca
2019-07,7,pyca
2019-08,4,pyca
2019-09,3,pyca
2019-10,10,pyca
2019-11,8,pyca
2019-12,4,pyca
2020-01,5,pyca
2020-02,1,pyca
2020-03,9,pyca
2020-04,5,pyca
2020-05,11,pyca
2020-06,9,pyca
2020-07,12,pyca
2020-08,12,pyca
2020-09,4,pyca
2020-10,11,pyca
2020-11,9,pyca
2020-12,6,pyca
2021-01,8,pyca
2021-02,15,pyca
2021-03,7,pyca
2021-04,11,pyca
2021-05,8,pyca
2021-06,9,pyca
2021-07,5,pyca
2021-08,11,pyca
2021-09,11,pyca
2021-10,12,pyca
2021-11,11,pyca
2021-12,6,pyca
2022-01,8,pyca
2022-02,10,pyca
2022-03,9,pyca
2022-04,11,pyca
2022-05,10,pyca
2022-06,11,pyca
2022-07,9,pyca
2022-08,11,pyca
2022-09,9,pyca
2022-10,7,pyca
2022-11,9,pyca
2022-12,14,pyca
2023-01,4,pyca
2023-02,11,pyca
2023-03,12,pyca
2023-04,5,pyca
2023-05,10,pyca
2023-06,10,pyca
2023-07,11,pyca
2023-08,11,pyca
2023-09,9,pyca
2023-10,7,pyca
2023-11,9,pyca
2023-12,10,pyca
2024-01,12,pyca
2024-02,6,pyca
2024-03,8,pyca
2024-04,7,pyca
2012-01,3,qos-ch
2012-02,2,qos-ch
2012-03,3,qos-ch
2012-04,7,qos-ch
2012-05,8,qos-ch
2012-06,10,qos-ch
2012-07,8,qos-ch
2012-08,6,qos-ch
2012-09,8,qos-ch
2012-10,3,qos-ch
2012-11,2,qos-ch
2012-12,4,qos-ch
2013-01,10,qos-ch
2013-02,9,qos-ch
2013-03,10,qos-ch
2013-04,12,qos-ch
2013-05,5,qos-ch
2013-06,4,qos-ch
2013-07,7,qos-ch
2013-08,3,qos-ch
2013-09,17,qos-ch
2013-10,8,qos-ch
2013-11,7,qos-ch
2013-12,15,qos-ch
2014-01,4,qos-ch
2014-02,7,qos-ch
2014-03,6,qos-ch
2014-04,9,qos-ch
2014-05,4,qos-ch
2014-06,3,qos-ch
2014-07,5,qos-ch
2014-08,5,qos-ch
2014-09,6,qos-ch
2014-10,5,qos-ch
2014-11,3,qos-ch
2014-12,14,qos-ch
2015-01,8,qos-ch
2015-02,4,qos-ch
2015-03,9,qos-ch
2015-04,13,qos-ch
2015-05,2,qos-ch
2015-06,4,qos-ch
2015-07,5,qos-ch
2015-09,2,qos-ch
2015-10,2,qos-ch
2015-11,3,qos-ch
2015-12,3,qos-ch
2016-01,3,qos-ch
2016-02,6,qos-ch
2016-03,6,qos-ch
2016-04,5,qos-ch
2016-05,4,qos-ch
2016-06,2,qos-ch
2016-09,1,qos-ch
2016-11,4,qos-ch
2016-12,2,qos-ch
2017-01,3,qos-ch
2017-02,4,qos-ch
2017-03,6,qos-ch
2017-04,2,qos-ch
2017-06,2,qos-ch
2017-10,3,qos-ch
2017-11,2,qos-ch
2017-12,1,qos-ch
2018-01,2,qos-ch
2018-02,2,qos-ch
2018-03,4,qos-ch
2018-05,2,qos-ch
2018-06,1,qos-ch
2018-07,1,qos-ch
2018-08,1,qos-ch
2018-09,1,qos-ch
2019-02,2,qos-ch
2019-03,2,qos-ch
2019-04,2,qos-ch
2019-05,1,qos-ch
2019-06,1,qos-ch
2019-07,3,qos-ch
2019-08,4,qos-ch
2019-09,1,qos-ch
2019-10,2,qos-ch
2019-11,1,qos-ch
2019-12,2,qos-ch
2020-01,1,qos-ch
2020-02,1,qos-ch
2020-08,1,qos-ch
2020-10,1,qos-ch
2021-02,1,qos-ch
2021-03,1,qos-ch
2021-06,3,qos-ch
2021-07,1,qos-ch
2021-08,11,qos-ch
2021-09,1,qos-ch
2021-11,1,qos-ch
2021-12,1,qos-ch
2022-01,7,qos-ch
2022-02,5,qos-ch
2022-03,4,qos-ch
2022-04,7,qos-ch
2022-05,5,qos-ch
2022-06,3,qos-ch
2022-07,4,qos-ch
2022-08,7,qos-ch
2022-09,7,qos-ch
2022-10,3,qos-ch
2022-11,7,qos-ch
2022-12,5,qos-ch
2023-01,1,qos-ch
2023-02,3,qos-ch
2023-03,4,qos-ch
2023-04,4,qos-ch
2023-05,2,qos-ch
2023-06,2,qos-ch
2023-07,4,qos-ch
2023-08,5,qos-ch
2023-09,2,qos-ch
2023-10,2,qos-ch
2023-11,1,qos-ch
2023-12,2,qos-ch
2024-01,3,qos-ch
2024-02,4,qos-ch
2024-03,3,qos-ch
2024-04,3,qos-ch
2012-01,30,rubygems
2012-02,18,rubygems
2012-03,31,rubygems
2012-04,18,rubygems
2012-05,26,rubygems
2012-06,21,rubygems
2012-07,21,rubygems
2012-08,19,rubygems
2012-09,19,rubygems
2012-10,30,rubygems
2012-11,51,rubygems
2012-12,31,rubygems
2013-01,45,rubygems
2013-02,55,rubygems
2013-03,40,rubygems
2013-04,39,rubygems
2013-05,31,rubygems
2013-06,35,rubygems
2013-07,53,rubygems
2013-08,43,rubygems
2013-09,35,rubygems
2013-10,42,rubygems
2013-11,36,rubygems
2013-12,45,rubygems
2014-01,42,rubygems
2014-02,39,rubygems
2014-03,36,rubygems
2014-04,35,rubygems
2014-05,46,rubygems
2014-06,35,rubygems
2014-07,39,rubygems
2014-08,29,rubygems
2014-09,37,rubygems
2014-10,34,rubygems
2014-11,49,rubygems
2014-12,56,rubygems
2015-01,58,rubygems
2015-02,52,rubygems
2015-03,62,rubygems
2015-04,55,rubygems
2015-05,48,rubygems
2015-06,55,rubygems
2015-07,61,rubygems
2015-08,53,rubygems
2015-09,50,rubygems
2015-10,55,rubygems
2015-11,59,rubygems
2015-12,52,rubygems
2016-01,55,rubygems
2016-02,57,rubygems
2016-03,61,rubygems
2016-04,39,rubygems
2016-05,53,rubygems
2016-06,37,rubygems
2016-07,37,rubygems
2016-08,49,rubygems
2016-09,40,rubygems
2016-10,44,rubygems
2016-11,44,rubygems
2016-12,36,rubygems
2017-01,42,rubygems
2017-02,42,rubygems
2017-03,40,rubygems
2017-04,33,rubygems
2017-05,33,rubygems
2017-06,46,rubygems
2017-07,35,rubygems
2017-08,41,rubygems
2017-09,36,rubygems
2017-10,31,rubygems
2017-11,31,rubygems
2017-12,28,rubygems
2018-01,31,rubygems
2018-02,40,rubygems
2018-03,42,rubygems
2018-04,37,rubygems
2018-05,33,rubygems
2018-06,39,rubygems
2018-07,29,rubygems
2018-08,31,rubygems
2018-09,31,rubygems
2018-10,46,rubygems
2018-11,36,rubygems
2018-12,42,rubygems
2019-01,43,rubygems
2019-02,24,rubygems
2019-03,27,rubygems
2019-04,31,rubygems
2019-05,30,rubygems
2019-06,32,rubygems
2019-07,34,rubygems
2019-08,42,rubygems
2019-09,22,rubygems
2019-10,35,rubygems
2019-11,28,rubygems
2019-12,22,rubygems
2020-01,30,rubygems
2020-02,29,rubygems
2020-03,33,rubygems
2020-04,35,rubygems
2020-05,36,rubygems
2020-06,34,rubygems
2020-07,29,rubygems
2020-08,25,rubygems
2020-09,21,rubygems
2020-10,25,rubygems
2020-11,19,rubygems
2020-12,22,rubygems
2021-01,26,rubygems
2021-02,21,rubygems
2021-03,24,rubygems
2021-04,26,rubygems
2021-05,20,rubygems
2021-06,17,rubygems
2021-07,19,rubygems
2021-08,20,rubygems
2021-09,19,rubygems
2021-10,24,rubygems
2021-11,21,rubygems
2021-12,29,rubygems
2022-01,28,rubygems
2022-02,20,rubygems
2022-03,22,rubygems
2022-04,21,rubygems
2022-05,23,rubygems
2022-06,27,rubygems
2022-07,30,rubygems
2022-08,25,rubygems
2022-09,23,rubygems
2022-10,13,rubygems
2022-11,21,rubygems
2022-12,25,rubygems
2023-01,30,rubygems
2023-02,34,rubygems
2023-03,36,rubygems
2023-04,22,rubygems
2023-05,20,rubygems
2023-06,24,rubygems
2023-07,28,rubygems
2023-08,27,rubygems
2023-09,23,rubygems
2023-10,30,rubygems
2023-11,25,rubygems
2023-12,27,rubygems
2024-01,26,rubygems
2024-02,27,rubygems
2024-03,26,rubygems
2024-04,11,rubygems
2014-06,4,rustls
2014-07,4,rustls
2014-08,12,rustls
2014-09,4,rustls
2014-10,4,rustls
2014-11,5,rustls
2014-12,6,rustls
2015-01,7,rustls
2015-02,3,rustls
2015-03,4,rustls
2015-04,5,rustls
2015-05,4,rustls
2015-06,6,rustls
2015-07,8,rustls
2015-08,7,rustls
2015-09,8,rustls
2015-10,9,rustls
2015-11,7,rustls
2015-12,9,rustls
2016-01,4,rustls
2016-02,8,rustls
2016-03,9,rustls
2016-04,10,rustls
2016-05,11,rustls
2016-06,11,rustls
2016-07,17,rustls
2016-08,12,rustls
2016-09,11,rustls
2016-10,11,rustls
2016-11,15,rustls
2016-12,12,rustls
2017-01,15,rustls
2017-02,12,rustls
2017-03,10,rustls
2017-04,11,rustls
2017-05,18,rustls
2017-06,19,rustls
2017-07,12,rustls
2017-08,17,rustls
2017-09,15,rustls
2017-10,14,rustls
2017-11,13,rustls
2017-12,9,rustls
2018-01,16,rustls
2018-02,10,rustls
2018-03,7,rustls
2018-04,13,rustls
2018-05,12,rustls
2018-06,14,rustls
2018-07,16,rustls
2018-08,9,rustls
2018-09,10,rustls
2018-10,10,rustls
2018-11,15,rustls
2018-12,7,rustls
2019-01,26,rustls
2019-02,12,rustls
2019-03,14,rustls
2019-04,9,rustls
2019-05,11,rustls
2019-06,14,rustls
2019-07,12,rustls
2019-08,19,rustls
2019-09,16,rustls
2019-10,17,rustls
2019-11,19,rustls
2019-12,14,rustls
2020-01,17,rustls
2020-02,13,rustls
2020-03,12,rustls
2020-04,10,rustls
2020-05,17,rustls
2020-06,13,rustls
2020-07,10,rustls
2020-08,11,rustls
2020-09,10,rustls
2020-10,14,rustls
2020-11,14,rustls
2020-12,24,rustls
2021-01,18,rustls
2021-02,18,rustls
2021-03,16,rustls
2021-04,20,rustls
2021-05,15,rustls
2021-06,17,rustls
2021-07,8,rustls
2021-08,8,rustls
2021-09,20,rustls
2021-10,14,rustls
2021-11,16,rustls
2021-12,18,rustls
2022-01,16,rustls
2022-02,14,rustls
2022-03,14,rustls
2022-04,12,rustls
2022-05,12,rustls
2022-06,14,rustls
2022-07,13,rustls
2022-08,14,rustls
2022-09,13,rustls
2022-10,14,rustls
2022-11,11,rustls
2022-12,20,rustls
2023-01,18,rustls
2023-02,22,rustls
2023-03,29,rustls
2023-04,26,rustls
2023-05,19,rustls
2023-06,22,rustls
2023-07,18,rustls
2023-08,25,rustls
2023-09,26,rustls
2023-10,29,rustls
2023-11,25,rustls
2023-12,34,rustls
2024-01,23,rustls
2024-02,21,rustls
2024-03,27,rustls
2024-04,12,rustls
2012-01,772,systemd
2012-02,762,systemd
2012-03,892,systemd
2012-04,813,systemd
2012-05,901,systemd
2012-06,752,systemd
2012-07,903,systemd
2012-08,697,systemd
2012-09,904,systemd
2012-10,872,systemd
2012-11,891,systemd
2012-12,691,systemd
2013-01,941,systemd
2013-02,887,systemd
2013-03,959,systemd
2013-04,971,systemd
2013-05,849,systemd
2013-06,946,systemd
2013-07,876,systemd
2013-08,946,systemd
2013-09,857,systemd
2013-10,963,systemd
2013-11,848,systemd
2013-12,909,systemd
2014-01,995,systemd
2014-02,935,systemd
2014-03,1014,systemd
2014-04,1036,systemd
2014-05,1061,systemd
2014-06,947,systemd
2014-07,1119,systemd
2014-08,936,systemd
2014-09,1112,systemd
2014-10,941,systemd
2014-11,1085,systemd
2014-12,869,systemd
2015-01,1154,systemd
2015-02,971,systemd
2015-03,1161,systemd
2015-04,970,systemd
2015-05,1073,systemd
2015-06,1051,systemd
2015-07,1119,systemd
2015-08,1111,systemd
2015-09,1031,systemd
2015-10,1186,systemd
2015-11,1002,systemd
2015-12,1047,systemd
2016-01,891,systemd
2016-02,860,systemd
2016-03,514,systemd
2016-04,55,systemd
2016-05,55,systemd
2016-06,54,systemd
2016-07,55,systemd
2016-08,50,systemd
2016-09,54,systemd
2016-10,60,systemd
2016-11,47,systemd
2016-12,43,systemd
2017-01,47,systemd
2017-02,56,systemd
2017-03,50,systemd
2017-04,53,systemd
2017-05,52,systemd
2017-06,48,systemd
2017-07,52,systemd
2017-08,52,systemd
2017-09,56,systemd
2017-10,53,systemd
2017-11,63,systemd
2017-12,63,systemd
2018-01,78,systemd
2018-02,61,systemd
2018-03,53,systemd
2018-04,43,systemd
2018-05,34,systemd
2018-06,63,systemd
2018-07,49,systemd
2018-08,44,systemd
2018-09,46,systemd
2018-10,62,systemd
2018-11,61,systemd
2018-12,54,systemd
2019-01,61,systemd
2019-02,67,systemd
2019-03,50,systemd
2019-04,48,systemd
2019-05,52,systemd
2019-06,43,systemd
2019-07,46,systemd
2019-08,42,systemd
2019-09,46,systemd
2019-10,55,systemd
2019-11,56,systemd
2019-12,43,systemd
2020-01,60,systemd
2020-02,49,systemd
2020-03,75,systemd
2020-04,51,systemd
2020-05,72,systemd
2020-06,56,systemd
2020-07,65,systemd
2020-08,63,systemd
2020-09,49,systemd
2020-10,47,systemd
2020-11,50,systemd
2020-12,60,systemd
2021-01,73,systemd
2021-02,56,systemd
2021-03,49,systemd
2021-04,54,systemd
2021-05,58,systemd
2021-06,54,systemd
2021-07,51,systemd
2021-08,62,systemd
2021-09,61,systemd
2021-10,53,systemd
2021-11,55,systemd
2021-12,54,systemd
2022-01,57,systemd
2022-02,42,systemd
2022-03,54,systemd
2022-04,40,systemd
2022-05,58,systemd
2022-06,49,systemd
2022-07,58,systemd
2022-08,80,systemd
2022-09,59,systemd
2022-10,74,systemd
2022-11,64,systemd
2022-12,59,systemd
2023-01,66,systemd
2023-02,52,systemd
2023-03,60,systemd
2023-04,70,systemd
2023-05,57,systemd
2023-06,65,systemd
2023-07,53,systemd
2023-08,64,systemd
2023-09,57,systemd
2023-10,67,systemd
2023-11,57,systemd
2023-12,60,systemd
2024-01,65,systemd
2024-02,74,systemd
2024-03,75,systemd
2024-04,24,systemd
2012-01,1,tc39
2012-02,1,tc39
2012-03,2,tc39
2012-04,1,tc39
2012-05,1,tc39
2012-06,1,tc39
2012-07,1,tc39
2012-08,2,tc39
2012-09,2,tc39
2012-10,2,tc39
2012-11,1,tc39
2012-12,2,tc39
2013-01,1,tc39
2013-02,2,tc39
2013-03,5,tc39
2013-04,2,tc39
2013-05,3,tc39
2013-06,6,tc39
2013-07,12,tc39
2013-08,6,tc39
2013-09,9,tc39
2013-10,5,tc39
2013-11,11,tc39
2013-12,6,tc39
2014-01,19,tc39
2014-02,5,tc39
2014-03,7,tc39
2014-04,10,tc39
2014-05,13,tc39
2014-06,11,tc39
2014-07,24,tc39
2014-08,14,tc39
2014-09,18,tc39
2014-10,16,tc39
2014-11,17,tc39
2014-12,17,tc39
2015-01,22,tc39
2015-02,21,tc39
2015-03,22,tc39
2015-04,19,tc39
2015-05,34,tc39
2015-06,24,tc39
2015-07,35,tc39
2015-08,30,tc39
2015-09,35,tc39
2015-10,31,tc39
2015-11,36,tc39
2015-12,34,tc39
2016-01,38,tc39
2016-02,38,tc39
2016-03,47,tc39
2016-04,36,tc39
2016-05,37,tc39
2016-06,42,tc39
2016-07,45,tc39
2016-08,42,tc39
2016-09,37,tc39
2016-10,28,tc39
2016-11,37,tc39
2016-12,33,tc39
2017-01,45,tc39
2017-02,27,tc39
2017-03,56,tc39
2017-04,45,tc39
2017-05,47,tc39
2017-06,37,tc39
2017-07,64,tc39
2017-08,51,tc39
2017-09,46,tc39
2017-10,53,tc39
2017-11,41,tc39
2017-12,37,tc39
2018-01,61,tc39
2018-02,46,tc39
2018-03,70,tc39
2018-04,54,tc39
2018-05,63,tc39
2018-06,56,tc39
2018-07,63,tc39
2018-08,41,tc39
2018-09,55,tc39
2018-10,54,tc39
2018-11,55,tc39
2018-12,45,tc39
2019-01,74,tc39
2019-02,66,tc39
2019-03,61,tc39
2019-04,48,tc39
2019-05,61,tc39
2019-06,81,tc39
2019-07,73,tc39
2019-08,53,tc39
2019-09,62,tc39
2019-10,71,tc39
2019-11,58,tc39
2019-12,66,tc39
2020-01,55,tc39
2020-02,66,tc39
2020-03,53,tc39
2020-04,63,tc39
2020-05,59,tc39
2020-06,69,tc39
2020-07,79,tc39
2020-08,57,tc39
2020-09,74,tc39
2020-10,56,tc39
2020-11,60,tc39
2020-12,56,tc39
2021-01,70,tc39
2021-02,77,tc39
2021-03,65,tc39
2021-04,73,tc39
2021-05,60,tc39
2021-06,64,tc39
2021-07,75,tc39
2021-08,77,tc39
2021-09,67,tc39
2021-10,66,tc39
2021-11,61,tc39
2021-12,65,tc39
2022-01,83,tc39
2022-02,57,tc39
2022-03,72,tc39
2022-04,64,tc39
2022-05,48,tc39
2022-06,61,tc39
2022-07,89,tc39
2022-08,47,tc39
2022-09,51,tc39
2022-10,37,tc39
2022-11,56,tc39
2022-12,38,tc39
2023-01,48,tc39
2023-02,49,tc39
2023-03,59,tc39
2023-04,46,tc39
2023-05,47,tc39
2023-06,50,tc39
2023-07,53,tc39
2023-08,44,tc39
2023-09,54,tc39
2023-10,50,tc39
2023-11,50,tc39
2023-12,32,tc39
2024-01,56,tc39
2024-02,55,tc39
2024-03,50,tc39
2024-04,26,tc39
2013-08,1,uutils
2013-10,4,uutils
2013-11,5,uutils
2013-12,10,uutils
2014-01,9,uutils
2014-02,6,uutils
2014-03,9,uutils
2014-04,6,uutils
2014-05,7,uutils
2014-06,20,uutils
2014-07,11,uutils
2014-08,6,uutils
2014-09,4,uutils
2014-10,11,uutils
2014-11,7,uutils
2014-12,11,uutils
2015-01,15,uutils
2015-02,6,uutils
2015-03,4,uutils
2015-04,6,uutils
2015-05,11,uutils
2015-06,6,uutils
2015-07,11,uutils
2015-08,7,uutils
2015-09,5,uutils
2015-10,6,uutils
2015-11,6,uutils
2015-12,8,uutils
2016-01,8,uutils
2016-02,7,uutils
2016-03,11,uutils
2016-04,7,uutils
2016-05,9,uutils
2016-06,9,uutils
2016-07,9,uutils
2016-08,17,uutils
2016-09,5,uutils
2016-10,5,uutils
2016-11,10,uutils
2016-12,11,uutils
2017-01,10,uutils
2017-02,1,uutils
2017-03,7,uutils
2017-04,5,uutils
2017-05,4,uutils
2017-06,6,uutils
2017-07,7,uutils
2017-08,7,uutils
2017-09,5,uutils
2017-10,5,uutils
2017-11,8,uutils
2017-12,10,uutils
2018-01,5,uutils
2018-02,3,uutils
2018-03,8,uutils
2018-04,8,uutils
2018-05,4,uutils
2018-06,5,uutils
2018-07,4,uutils
2018-08,1,uutils
2018-09,11,uutils
2018-10,9,uutils
2018-11,2,uutils
2018-12,1,uutils
2019-02,5,uutils
2019-03,4,uutils
2019-04,9,uutils
2019-05,5,uutils
2019-06,3,uutils
2019-07,2,uutils
2019-08,3,uutils
2019-09,3,uutils
2019-10,3,uutils
2020-01,5,uutils
2020-02,2,uutils
2020-04,7,uutils
2020-05,11,uutils
2020-06,5,uutils
2020-07,4,uutils
2020-08,6,uutils
2020-09,6,uutils
2020-10,7,uutils
2020-11,21,uutils
2020-12,9,uutils
2021-01,8,uutils
2021-02,10,uutils
2021-03,58,uutils
2021-04,43,uutils
2021-05,32,uutils
2021-06,24,uutils
2021-07,25,uutils
2021-08,26,uutils
2021-09,19,uutils
2021-10,13,uutils
2021-11,17,uutils
2021-12,10,uutils
2022-01,21,uutils
2022-02,42,uutils
2022-03,30,uutils
2022-04,17,uutils
2022-05,18,uutils
2022-06,18,uutils
2022-07,16,uutils
2022-08,21,uutils
2022-09,13,uutils
2022-10,19,uutils
2022-11,17,uutils
2022-12,15,uutils
2023-01,13,uutils
2023-02,31,uutils
2023-03,41,uutils
2023-04,22,uutils
2023-05,23,uutils
2023-06,28,uutils
2023-07,20,uutils
2023-08,18,uutils
2023-09,19,uutils
2023-10,24,uutils
2023-11,27,uutils
2023-12,27,uutils
2024-01,30,uutils
2024-02,21,uutils
2024-03,27,uutils
2024-04,19,uutils
2012-01,56,w3c
2012-02,57,w3c
2012-03,67,w3c
2012-04,43,w3c
2012-05,71,w3c
2012-06,74,w3c
2012-07,66,w3c
2012-08,65,w3c
2012-09,76,w3c
2012-10,82,w3c
2012-11,72,w3c
2012-12,73,w3c
2013-01,88,w3c
2013-02,86,w3c
2013-03,95,w3c
2013-04,89,w3c
2013-05,94,w3c
2013-06,88,w3c
2013-07,80,w3c
2013-08,81,w3c
2013-09,81,w3c
2013-10,92,w3c
2013-11,86,w3c
2013-12,72,w3c
2014-01,97,w3c
2014-02,122,w3c
2014-03,110,w3c
2014-04,117,w3c
2014-05,134,w3c
2014-06,120,w3c
2014-07,113,w3c
2014-08,124,w3c
2014-09,138,w3c
2014-10,159,w3c
2014-11,145,w3c
2014-12,138,w3c
2015-01,158,w3c
2015-02,184,w3c
2015-03,179,w3c
2015-04,205,w3c
2015-05,200,w3c
2015-06,218,w3c
2015-07,202,w3c
2015-08,192,w3c
2015-09,225,w3c
2015-10,208,w3c
2015-11,205,w3c
2015-12,190,w3c
2016-01,231,w3c
2016-02,238,w3c
2016-03,260,w3c
2016-04,253,w3c
2016-05,258,w3c
2016-06,268,w3c
2016-07,267,w3c
2016-08,266,w3c
2016-09,282,w3c
2016-10,255,w3c
2016-11,268,w3c
2016-12,241,w3c
2017-01,239,w3c
2017-02,254,w3c
2017-03,284,w3c
2017-04,269,w3c
2017-05,282,w3c
2017-06,274,w3c
2017-07,235,w3c
2017-08,246,w3c
2017-09,259,w3c
2017-10,264,w3c
2017-11,282,w3c
2017-12,236,w3c
2018-01,236,w3c
2018-02,305,w3c
2018-03,290,w3c
2018-04,297,w3c
2018-05,271,w3c
2018-06,296,w3c
2018-07,267,w3c
2018-08,277,w3c
2018-09,282,w3c
2018-10,334,w3c
2018-11,278,w3c
2018-12,259,w3c
2019-01,301,w3c
2019-02,301,w3c
2019-03,332,w3c
2019-04,306,w3c
2019-05,335,w3c
2019-06,313,w3c
2019-07,280,w3c
2019-08,279,w3c
2019-09,280,w3c
2019-10,292,w3c
2019-11,256,w3c
2019-12,226,w3c
2020-01,227,w3c
2020-02,261,w3c
2020-03,273,w3c
2020-04,281,w3c
2020-05,294,w3c
2020-06,316,w3c
2020-07,301,w3c
2020-08,352,w3c
2020-09,315,w3c
2020-10,295,w3c
2020-11,286,w3c
2020-12,327,w3c
2021-01,386,w3c
2021-02,420,w3c
2021-03,450,w3c
2021-04,433,w3c
2021-05,438,w3c
2021-06,436,w3c
2021-07,442,w3c
2021-08,400,w3c
2021-09,379,w3c
2021-10,425,w3c
2021-11,409,w3c
2021-12,383,w3c
2022-01,465,w3c
2022-02,408,w3c
2022-03,485,w3c
2022-04,415,w3c
2022-05,414,w3c
2022-06,448,w3c
2022-07,427,w3c
2022-08,462,w3c
2022-09,437,w3c
2022-10,454,w3c
2022-11,404,w3c
2022-12,365,w3c
2023-01,404,w3c
2023-02,370,w3c
2023-03,448,w3c
2023-04,396,w3c
2023-05,394,w3c
2023-06,394,w3c
2023-07,290,w3c
2023-08,236,w3c
2023-09,247,w3c
2023-10,258,w3c
2023-11,250,w3c
2023-12,232,w3c
2024-01,251,w3c
2024-02,259,w3c
2024-03,246,w3c
2024-04,142,w3c
2023-08,2,sequoia-pgp
2023-09,3,sequoia-pgp
2024-02,1,sequoia-pgp
2012-01,8,apereo
2012-02,13,apereo
2012-03,18,apereo
2012-04,14,apereo
2012-05,8,apereo
2012-06,8,apereo
2012-07,10,apereo
2012-08,13,apereo
2012-09,15,apereo
2012-10,12,apereo
2012-11,12,apereo
2012-12,7,apereo
2013-01,14,apereo
2013-02,10,apereo
2013-03,9,apereo
2013-04,11,apereo
2013-05,13,apereo
2013-06,7,apereo
2013-07,13,apereo
2013-08,9,apereo
2013-09,16,apereo
2013-10,8,apereo
2013-11,10,apereo
2013-12,10,apereo
2014-01,9,apereo
2014-02,10,apereo
2014-03,11,apereo
2014-04,11,apereo
2014-05,14,apereo
2014-06,10,apereo
2014-07,19,apereo
2014-08,29,apereo
2014-09,18,apereo
2014-10,12,apereo
2014-11,10,apereo
2014-12,10,apereo
2015-01,11,apereo
2015-02,10,apereo
2015-03,8,apereo
2015-04,13,apereo
2015-05,20,apereo
2015-06,12,apereo
2015-07,24,apereo
2015-08,18,apereo
2015-09,16,apereo
2015-10,16,apereo
2015-11,21,apereo
2015-12,20,apereo
2016-01,15,apereo
2016-02,19,apereo
2016-03,19,apereo
2016-04,13,apereo
2016-05,17,apereo
2016-06,10,apereo
2016-07,12,apereo
2016-08,16,apereo
2016-09,13,apereo
2016-10,11,apereo
2016-11,11,apereo
2016-12,10,apereo
2017-01,15,apereo
2017-02,11,apereo
2017-03,20,apereo
2017-04,20,apereo
2017-05,14,apereo
2017-06,25,apereo
2017-07,28,apereo
2017-08,27,apereo
2017-09,24,apereo
2017-10,20,apereo
2017-11,14,apereo
2017-12,19,apereo
2018-01,24,apereo
2018-02,19,apereo
2018-03,12,apereo
2018-04,8,apereo
2018-05,20,apereo
2018-06,17,apereo
2018-07,22,apereo
2018-08,20,apereo
2018-09,14,apereo
2018-10,23,apereo
2018-11,17,apereo
2018-12,22,apereo
2019-01,20,apereo
2019-02,17,apereo
2019-03,16,apereo
2019-04,16,apereo
2019-05,16,apereo
2019-06,15,apereo
2019-07,16,apereo
2019-08,21,apereo
2019-09,13,apereo
2019-10,27,apereo
2019-11,22,apereo
2019-12,19,apereo
2020-01,16,apereo
2020-02,17,apereo
2020-03,24,apereo
2020-04,19,apereo
2020-05,16,apereo
2020-06,12,apereo
2020-07,13,apereo
2020-08,12,apereo
2020-09,14,apereo
2020-10,21,apereo
2020-11,16,apereo
2020-12,13,apereo
2021-01,16,apereo
2021-02,17,apereo
2021-03,23,apereo
2021-04,17,apereo
2021-05,16,apereo
2021-06,22,apereo
2021-07,16,apereo
2021-08,17,apereo
2021-09,12,apereo
2021-10,17,apereo
2021-11,19,apereo
2021-12,15,apereo
2022-01,20,apereo
2022-02,16,apereo
2022-03,21,apereo
2022-04,14,apereo
2022-05,14,apereo
2022-06,13,apereo
2022-07,13,apereo
2022-08,11,apereo
2022-09,9,apereo
2022-10,13,apereo
2022-11,18,apereo
2022-12,11,apereo
2023-01,11,apereo
2023-02,13,apereo
2023-03,13,apereo
2023-04,11,apereo
2023-05,11,apereo
2023-06,12,apereo
2023-07,12,apereo
2023-08,10,apereo
2023-09,11,apereo
2023-10,8,apereo
2023-11,11,apereo
2023-12,12,apereo
2024-01,10,apereo
2024-02,8,apereo
2024-03,8,apereo
2024-04,6,apereo
2014-11,1,streamich
2015-06,1,streamich
2016-04,1,streamich
2016-07,1,streamich
2017-03,1,streamich
2017-08,1,streamich
2018-01,2,streamich
2018-10,11,streamich
2018-11,8,streamich
2018-12,8,streamich
2019-01,4,streamich
2019-02,12,streamich
2019-03,16,streamich
2019-04,15,streamich
2019-05,16,streamich
2019-06,15,streamich
2019-07,22,streamich
2019-08,21,streamich
2019-09,15,streamich
2019-10,21,streamich
2019-11,17,streamich
2019-12,14,streamich
2020-01,23,streamich
2020-02,11,streamich
2020-03,8,streamich
2020-04,10,streamich
2020-05,6,streamich
2020-06,10,streamich
2020-07,8,streamich
2020-08,2,streamich
2020-09,9,streamich
2020-10,6,streamich
2020-11,6,streamich
2020-12,6,streamich
2021-01,6,streamich
2021-02,7,streamich
2021-03,10,streamich
2021-04,8,streamich
2021-05,1,streamich
2021-06,1,streamich
2021-08,8,streamich
2021-09,3,streamich
2021-10,1,streamich
2021-11,1,streamich
2021-12,3,streamich
2022-03,1,streamich
2022-04,2,streamich
2022-05,4,streamich
2022-10,1,streamich
2022-11,1,streamich
2023-04,1,streamich
2023-10,1,streamich
2023-11,2,streamich
2023-12,2,streamich
2024-01,5,streamich
2022-10,1,wamp-proto
