month,unique_pull_requests,open_pull_requests,closed_pull_requests,org_name
2012-01,39,1,38,apache
2012-02,32,2,30,apache
2012-03,33,0,33,apache
2012-04,29,0,29,apache
2012-05,41,1,40,apache
2012-06,29,1,28,apache
2012-07,29,2,27,apache
2012-08,34,2,32,apache
2012-09,21,0,21,apache
2012-10,55,0,55,apache
2012-11,83,1,82,apache
2012-12,66,2,64,apache
2013-01,118,4,114,apache
2013-02,140,0,140,apache
2013-03,189,2,187,apache
2013-04,187,3,184,apache
2013-05,218,2,216,apache
2013-06,188,2,186,apache
2013-07,244,2,242,apache
2013-08,231,2,229,apache
2013-09,230,0,230,apache
2013-10,231,4,227,apache
2013-11,296,0,296,apache
2013-12,259,3,256,apache
2014-01,296,1,295,apache
2014-02,370,3,367,apache
2014-03,636,4,632,apache
2014-04,787,7,780,apache
2014-05,889,10,879,apache
2014-06,1029,6,1023,apache
2014-07,1178,13,1165,apache
2014-08,1280,6,1274,apache
2014-09,1186,9,1177,apache
2014-10,1268,9,1259,apache
2014-11,1474,13,1461,apache
2014-12,1220,14,1206,apache
2015-01,1367,7,1360,apache
2015-02,1634,11,1623,apache
2015-03,1902,20,1882,apache
2015-04,1926,28,1898,apache
2015-05,2103,9,2094,apache
2015-06,2223,23,2200,apache
2015-07,2383,26,2357,apache
2015-08,2615,26,2589,apache
2015-09,2606,21,2585,apache
2015-10,2944,29,2915,apache
2015-11,3249,30,3219,apache
2015-12,2923,25,2898,apache
2016-01,2965,32,2933,apache
2016-02,3449,37,3412,apache
2016-03,4153,48,4105,apache
2016-04,4166,38,4128,apache
2016-05,3930,41,3889,apache
2016-06,4171,40,4131,apache
2016-07,3851,42,3809,apache
2016-08,4250,45,4205,apache
2016-09,3997,39,3958,apache
2016-10,4000,50,3950,apache
2016-11,4313,38,4275,apache
2016-12,3748,35,3713,apache
2017-01,4136,42,4094,apache
2017-02,4171,47,4124,apache
2017-03,5272,54,5218,apache
2017-04,4876,55,4821,apache
2017-05,5483,57,5426,apache
2017-06,5138,60,5078,apache
2017-07,4597,56,4541,apache
2017-08,4903,54,4849,apache
2017-09,4868,69,4799,apache
2017-10,5094,81,5013,apache
2017-11,4731,69,4662,apache
2017-12,4229,73,4156,apache
2018-01,5232,56,5176,apache
2018-02,5058,53,5005,apache
2018-03,5831,65,5766,apache
2018-04,5692,67,5625,apache
2018-05,5724,73,5651,apache
2018-06,5294,72,5222,apache
2018-07,5686,101,5585,apache
2018-08,6490,75,6415,apache
2018-09,5558,70,5488,apache
2018-10,6298,82,6216,apache
2018-11,6096,88,6008,apache
2018-12,5157,85,5072,apache
2019-01,6487,84,6403,apache
2019-02,5607,53,5554,apache
2019-03,6636,94,6542,apache
2019-04,6355,111,6244,apache
2019-05,6336,99,6237,apache
2019-06,6210,100,6110,apache
2019-07,6886,92,6794,apache
2019-08,6970,121,6849,apache
2019-09,6504,104,6400,apache
2019-10,7973,170,7803,apache
2019-11,7668,169,7497,apache
2019-12,7120,120,7000,apache
2020-01,7432,131,7300,apache
2020-02,7476,150,7324,apache
2020-03,9229,167,9062,apache
2020-04,9362,147,9215,apache
2020-05,8558,138,8419,apache
2020-06,9190,159,9030,apache
2020-07,9231,131,9098,apache
2020-08,8180,124,8056,apache
2020-09,8380,139,8241,apache
2020-10,9312,150,9160,apache
2020-11,8737,125,8612,apache
2020-12,9125,130,8968,apache
2021-01,9363,133,9198,apache
2021-02,9137,125,9007,apache
2021-03,10805,231,10564,apache
2021-04,10136,147,9958,apache
2021-05,9546,156,9345,apache
2021-06,9795,158,9612,apache
2021-07,9945,176,9741,apache
2021-08,9788,188,9578,apache
2021-09,10017,180,9825,apache
2021-10,9522,173,9309,apache
2021-11,10090,185,9851,apache
2021-12,10502,164,10299,apache
2022-01,11553,183,11314,apache
2022-02,10507,178,10265,apache
2022-03,13511,223,13207,apache
2022-04,13507,337,13091,apache
2022-05,12471,340,12104,apache
2022-06,13242,561,12628,apache
2022-07,13913,625,13196,apache
2022-08,14297,312,13848,apache
2022-09,13989,303,13553,apache
2022-10,14171,427,13634,apache
2022-11,14406,430,13866,apache
2022-12,13743,561,13121,apache
2023-01,13816,363,13409,apache
2023-02,14178,455,13673,apache
2023-03,15902,504,15312,apache
2023-04,13602,637,12858,apache
2023-05,13835,444,13354,apache
2023-06,14146,477,13651,apache
2023-07,14155,634,13480,apache
2023-08,14893,552,14288,apache
2023-09,13289,526,12671,apache
2023-10,13790,530,13202,apache
2023-11,14064,647,13369,apache
2023-12,13623,692,12891,apache
2024-01,14175,854,13269,apache
2024-02,12252,876,11354,apache
2024-03,14847,1479,13368,apache
2024-04,10375,2452,7923,apache
2012-03,1,0,1,curl
2012-04,2,0,2,curl
2012-07,4,0,4,curl
2012-08,1,0,1,curl
2012-09,2,0,2,curl
2012-10,2,0,2,curl
2012-11,7,0,7,curl
2012-12,1,0,1,curl
2013-01,3,0,3,curl
2013-02,4,0,4,curl
2013-03,3,0,3,curl
2013-04,2,0,2,curl
2013-05,4,0,4,curl
2013-06,4,0,4,curl
2013-07,3,0,3,curl
2013-08,1,0,1,curl
2013-09,5,0,5,curl
2013-10,1,0,1,curl
2013-11,1,0,1,curl
2013-12,1,0,1,curl
2014-01,4,0,4,curl
2014-02,6,0,6,curl
2014-03,1,0,1,curl
2014-04,3,0,3,curl
2014-05,2,0,2,curl
2014-06,4,0,4,curl
2014-07,4,0,4,curl
2014-08,7,0,7,curl
2014-09,3,0,3,curl
2014-10,3,0,3,curl
2014-11,7,0,7,curl
2014-12,5,0,5,curl
2015-01,4,0,4,curl
2015-02,4,0,4,curl
2015-03,31,0,31,curl
2015-04,30,0,30,curl
2015-05,21,0,21,curl
2015-06,20,0,20,curl
2015-07,13,0,13,curl
2015-08,22,0,22,curl
2015-09,31,0,31,curl
2015-10,24,0,24,curl
2015-11,14,0,14,curl
2015-12,15,0,15,curl
2016-01,20,0,20,curl
2016-02,33,0,33,curl
2016-03,21,0,21,curl
2016-04,12,0,12,curl
2016-05,29,0,29,curl
2016-06,22,0,22,curl
2016-07,14,0,14,curl
2016-08,22,0,22,curl
2016-09,22,0,22,curl
2016-10,23,0,23,curl
2016-11,26,0,26,curl
2016-12,13,0,13,curl
2017-01,28,0,28,curl
2017-02,35,0,35,curl
2017-03,47,0,47,curl
2017-04,53,0,53,curl
2017-05,33,0,33,curl
2017-06,63,0,63,curl
2017-07,56,0,56,curl
2017-08,83,0,83,curl
2017-09,58,0,58,curl
2017-10,78,0,78,curl
2017-11,49,0,49,curl
2017-12,42,0,42,curl
2018-01,40,0,40,curl
2018-02,36,0,36,curl
2018-03,46,0,46,curl
2018-04,72,0,72,curl
2018-05,51,0,51,curl
2018-06,53,0,53,curl
2018-07,62,0,62,curl
2018-08,62,0,62,curl
2018-09,96,0,96,curl
2018-10,95,0,95,curl
2018-11,74,0,74,curl
2018-12,56,0,56,curl
2019-01,57,0,57,curl
2019-02,81,0,81,curl
2019-03,48,0,48,curl
2019-04,64,0,64,curl
2019-05,101,0,101,curl
2019-06,69,0,69,curl
2019-07,56,0,56,curl
2019-08,91,0,91,curl
2019-09,110,0,110,curl
2019-10,68,0,68,curl
2019-11,71,0,71,curl
2019-12,64,0,64,curl
2020-01,62,0,62,curl
2020-02,94,0,94,curl
2020-03,110,0,110,curl
2020-04,108,0,108,curl
2020-05,110,0,110,curl
2020-06,87,0,87,curl
2020-07,83,0,83,curl
2020-08,96,0,96,curl
2020-09,101,0,101,curl
2020-10,77,0,77,curl
2020-11,83,0,83,curl
2020-12,86,1,85,curl
2021-01,114,0,114,curl
2021-02,91,0,91,curl
2021-03,96,0,96,curl
2021-04,85,0,85,curl
2021-05,115,0,115,curl
2021-06,148,1,147,curl
2021-07,122,1,121,curl
2021-08,97,0,97,curl
2021-09,89,0,89,curl
2021-10,98,1,97,curl
2021-11,108,0,108,curl
2021-12,85,0,85,curl
2022-01,107,1,106,curl
2022-02,130,1,129,curl
2022-03,105,1,104,curl
2022-04,92,0,92,curl
2022-05,124,0,124,curl
2022-06,104,1,103,curl
2022-07,92,0,92,curl
2022-08,120,0,120,curl
2022-09,158,0,158,curl
2022-10,174,1,173,curl
2022-11,121,0,121,curl
2022-12,143,0,143,curl
2023-01,127,0,127,curl
2023-02,173,0,173,curl
2023-03,176,0,176,curl
2023-04,249,0,249,curl
2023-05,128,2,126,curl
2023-06,148,0,148,curl
2023-07,105,1,104,curl
2023-08,189,2,187,curl
2023-09,186,1,185,curl
2023-10,176,3,173,curl
2023-11,148,2,146,curl
2023-12,203,0,203,curl
2024-01,200,6,194,curl
2024-02,130,4,126,curl
2024-03,174,5,169,curl
2024-04,146,12,134,curl
2017-07,2,0,2,fortran-lang
2017-08,4,0,4,fortran-lang
2017-09,1,0,1,fortran-lang
2017-12,1,0,1,fortran-lang
2018-01,5,0,5,fortran-lang
2018-03,4,0,4,fortran-lang
2018-04,9,0,9,fortran-lang
2018-05,6,0,6,fortran-lang
2018-06,8,0,8,fortran-lang
2018-07,2,0,2,fortran-lang
2018-10,7,0,7,fortran-lang
2018-11,2,0,2,fortran-lang
2018-12,3,0,3,fortran-lang
2019-01,3,0,3,fortran-lang
2019-02,1,0,1,fortran-lang
2019-03,6,0,6,fortran-lang
2019-04,4,0,4,fortran-lang
2019-06,3,0,3,fortran-lang
2019-07,2,0,2,fortran-lang
2019-08,1,0,1,fortran-lang
2019-10,1,0,1,fortran-lang
2019-12,27,0,27,fortran-lang
2020-01,55,0,55,fortran-lang
2020-02,22,0,22,fortran-lang
2020-03,17,0,17,fortran-lang
2020-04,44,0,44,fortran-lang
2020-05,67,1,66,fortran-lang
2020-06,28,0,28,fortran-lang
2020-07,38,0,38,fortran-lang
2020-08,9,0,9,fortran-lang
2020-09,33,0,33,fortran-lang
2020-10,37,0,37,fortran-lang
2020-11,39,0,39,fortran-lang
2020-12,62,2,60,fortran-lang
2021-01,18,0,18,fortran-lang
2021-02,29,0,29,fortran-lang
2021-03,60,1,59,fortran-lang
2021-04,28,1,27,fortran-lang
2021-05,24,0,24,fortran-lang
2021-06,42,2,40,fortran-lang
2021-07,49,4,45,fortran-lang
2021-08,35,2,33,fortran-lang
2021-09,59,5,54,fortran-lang
2021-10,17,1,16,fortran-lang
2021-11,57,0,57,fortran-lang
2021-12,73,1,72,fortran-lang
2022-01,87,1,86,fortran-lang
2022-02,45,2,43,fortran-lang
2022-03,47,2,45,fortran-lang
2022-04,74,1,73,fortran-lang
2022-05,67,1,66,fortran-lang
2022-06,63,1,62,fortran-lang
2022-07,51,0,51,fortran-lang
2022-08,101,1,100,fortran-lang
2022-09,102,3,99,fortran-lang
2022-10,86,3,83,fortran-lang
2022-11,64,2,62,fortran-lang
2022-12,47,3,44,fortran-lang
2023-01,51,0,51,fortran-lang
2023-02,46,4,42,fortran-lang
2023-03,48,2,46,fortran-lang
2023-04,78,1,77,fortran-lang
2023-05,101,2,99,fortran-lang
2023-06,89,2,87,fortran-lang
2023-07,67,2,65,fortran-lang
2023-08,42,1,41,fortran-lang
2023-09,32,0,32,fortran-lang
2023-10,39,2,37,fortran-lang
2023-11,26,1,25,fortran-lang
2023-12,46,1,45,fortran-lang
2024-01,72,9,63,fortran-lang
2024-02,36,2,34,fortran-lang
2024-03,65,5,60,fortran-lang
2024-04,50,16,34,fortran-lang
2012-06,1,,,GNOME
2013-01,1,,,GNOME
2013-02,1,,,GNOME
2013-04,1,,,GNOME
2013-05,1,,,GNOME
2013-08,4,,,GNOME
2013-09,2,,,GNOME
2013-10,5,,,GNOME
2013-11,3,,,GNOME
2013-12,2,,,GNOME
2014-01,6,,,GNOME
2014-02,8,,,GNOME
2014-03,3,,,GNOME
2014-05,4,,,GNOME
2014-07,2,,,GNOME
2014-08,7,,,GNOME
2014-09,4,,,GNOME
2014-10,6,,,GNOME
2014-11,7,,,GNOME
2014-12,4,,,GNOME
2015-01,12,,,GNOME
2015-02,10,,,GNOME
2015-03,15,,,GNOME
2015-04,12,,,GNOME
2015-05,17,,,GNOME
2015-06,4,,,GNOME
2015-07,9,,,GNOME
2015-08,8,,,GNOME
2015-09,12,,,GNOME
2015-10,12,,,GNOME
2015-11,8,,,GNOME
2015-12,11,,,GNOME
2016-01,13,,,GNOME
2016-02,15,,,GNOME
2016-03,8,,,GNOME
2016-04,10,,,GNOME
2016-05,15,,,GNOME
2016-06,8,,,GNOME
2016-07,15,,,GNOME
2016-08,15,,,GNOME
2016-09,10,,,GNOME
2016-10,16,,,GNOME
2016-11,15,,,GNOME
2016-12,7,,,GNOME
2017-01,16,,,GNOME
2017-02,16,,,GNOME
2017-03,21,,,GNOME
2017-04,9,,,GNOME
2017-05,16,,,GNOME
2017-06,18,,,GNOME
2017-07,25,,,GNOME
2017-08,27,,,GNOME
2017-09,16,,,GNOME
2017-10,33,,,GNOME
2017-11,18,,,GNOME
2017-12,15,,,GNOME
2018-01,21,,,GNOME
2018-02,15,,,GNOME
2018-03,17,,,GNOME
2018-04,6,,,GNOME
2018-05,10,,,GNOME
2018-06,8,,,GNOME
2018-07,9,,,GNOME
2018-08,6,,,GNOME
2018-09,8,,,GNOME
2018-10,13,,,GNOME
2018-11,13,,,GNOME
2018-12,6,,,GNOME
2019-01,3,,,GNOME
2019-02,10,,,GNOME
2019-03,5,,,GNOME
2019-04,2,,,GNOME
2019-05,4,,,GNOME
2019-06,8,,,GNOME
2019-07,6,,,GNOME
2019-08,4,,,GNOME
2019-09,7,,,GNOME
2019-10,14,,,GNOME
2019-11,7,,,GNOME
2019-12,6,,,GNOME
2020-01,8,,,GNOME
2020-02,12,,,GNOME
2020-03,6,,,GNOME
2020-04,10,,,GNOME
2020-05,4,,,GNOME
2020-06,9,,,GNOME
2020-07,2,,,GNOME
2020-08,7,,,GNOME
2020-09,1,,,GNOME
2020-10,3,,,GNOME
2020-11,2,,,GNOME
2020-12,2,,,GNOME
2021-01,6,,,GNOME
2021-02,2,,,GNOME
2021-03,7,,,GNOME
2021-04,5,,,GNOME
2021-05,4,,,GNOME
2021-06,6,,,GNOME
2021-07,2,,,GNOME
2021-08,6,,,GNOME
2021-09,6,,,GNOME
2021-10,6,,,GNOME
2021-11,3,,,GNOME
2021-12,2,,,GNOME
2022-01,10,,,GNOME
2022-02,3,,,GNOME
2022-03,4,,,GNOME
2022-04,4,,,GNOME
2022-05,4,,,GNOME
2022-06,2,,,GNOME
2022-07,5,,,GNOME
2022-08,3,,,GNOME
2022-09,2,,,GNOME
2022-10,1,,,GNOME
2022-11,5,,,GNOME
2022-12,4,,,GNOME
2023-01,5,,,GNOME
2023-02,7,,,GNOME
2023-03,3,,,GNOME
2023-04,5,,,GNOME
2023-05,3,,,GNOME
2023-06,2,,,GNOME
2023-07,8,,,GNOME
2023-08,7,,,GNOME
2023-09,3,,,GNOME
2023-10,8,,,GNOME
2023-11,4,,,GNOME
2023-12,3,,,GNOME
2024-01,3,,,GNOME
2024-02,7,,,GNOME
2024-03,6,,,GNOME
2024-04,4,,,GNOME
2016-07,1,,,GStreamer
2016-09,1,,,GStreamer
2016-10,3,,,GStreamer
2016-11,1,,,GStreamer
2016-12,2,,,GStreamer
2017-01,2,,,GStreamer
2017-03,2,,,GStreamer
2017-04,1,,,GStreamer
2017-05,2,,,GStreamer
2017-06,1,,,GStreamer
2017-08,1,,,GStreamer
2017-09,1,,,GStreamer
2017-10,1,,,GStreamer
2017-11,4,,,GStreamer
2018-01,2,,,GStreamer
2018-02,2,,,GStreamer
2018-03,2,,,GStreamer
2018-04,4,,,GStreamer
2018-05,1,,,GStreamer
2018-07,1,,,GStreamer
2018-10,2,,,GStreamer
2018-11,1,,,GStreamer
2018-12,1,,,GStreamer
2019-02,1,,,GStreamer
2019-03,1,,,GStreamer
2019-05,1,,,GStreamer
2019-09,2,,,GStreamer
2019-10,2,,,GStreamer
2019-12,1,,,GStreamer
2020-01,1,,,GStreamer
2020-02,1,,,GStreamer
2020-04,1,,,GStreamer
2020-07,3,,,GStreamer
2020-09,1,,,GStreamer
2020-11,1,,,GStreamer
2021-01,2,,,GStreamer
2021-05,1,,,GStreamer
2021-07,1,,,GStreamer
2021-08,2,,,GStreamer
2021-09,1,,,GStreamer
2021-11,4,,,GStreamer
2021-12,2,,,GStreamer
2022-02,1,,,GStreamer
2022-03,1,,,GStreamer
2022-06,1,,,GStreamer
2022-10,1,,,GStreamer
2022-11,1,,,GStreamer
2023-02,2,,,GStreamer
2023-03,3,,,GStreamer
2023-06,1,,,GStreamer
2023-07,1,,,GStreamer
2023-11,2,,,GStreamer
2023-12,1,,,GStreamer
2024-02,2,,,GStreamer
2024-03,3,,,GStreamer
2012-01,1,,,Lullabot
2012-02,1,,,Lullabot
2012-06,10,,,Lullabot
2012-10,1,,,Lullabot
2012-11,3,,,Lullabot
2012-12,1,,,Lullabot
2013-02,1,,,Lullabot
2013-03,2,,,Lullabot
2013-04,3,,,Lullabot
2013-05,2,,,Lullabot
2013-06,1,,,Lullabot
2013-07,1,,,Lullabot
2013-08,1,,,Lullabot
2013-09,2,,,Lullabot
2013-10,2,,,Lullabot
2013-11,2,,,Lullabot
2013-12,2,,,Lullabot
2014-01,19,,,Lullabot
2014-02,4,,,Lullabot
2014-03,5,,,Lullabot
2014-04,3,,,Lullabot
2014-05,6,,,Lullabot
2014-07,3,,,Lullabot
2014-08,5,,,Lullabot
2014-09,5,,,Lullabot
2014-10,1,,,Lullabot
2014-11,16,,,Lullabot
2014-12,2,,,Lullabot
2015-01,3,,,Lullabot
2015-02,5,,,Lullabot
2015-03,4,,,Lullabot
2015-04,10,,,Lullabot
2015-05,4,,,Lullabot
2015-06,22,,,Lullabot
2015-07,6,,,Lullabot
2015-08,5,,,Lullabot
2015-10,3,,,Lullabot
2015-11,16,,,Lullabot
2015-12,2,,,Lullabot
2016-01,5,,,Lullabot
2016-02,2,,,Lullabot
2016-03,15,,,Lullabot
2016-04,7,,,Lullabot
2016-05,37,,,Lullabot
2016-06,18,,,Lullabot
2016-07,10,,,Lullabot
2016-08,13,,,Lullabot
2016-09,11,,,Lullabot
2016-10,22,,,Lullabot
2016-12,1,,,Lullabot
2017-01,5,,,Lullabot
2017-02,12,,,Lullabot
2017-03,12,,,Lullabot
2017-04,3,,,Lullabot
2017-05,2,,,Lullabot
2017-06,3,,,Lullabot
2017-08,4,,,Lullabot
2017-09,4,,,Lullabot
2017-10,6,,,Lullabot
2017-11,8,,,Lullabot
2017-12,10,,,Lullabot
2018-01,15,,,Lullabot
2018-02,6,,,Lullabot
2018-03,54,,,Lullabot
2018-04,35,,,Lullabot
2018-05,38,,,Lullabot
2018-06,14,,,Lullabot
2018-07,15,,,Lullabot
2018-08,5,,,Lullabot
2018-09,10,,,Lullabot
2018-10,18,,,Lullabot
2018-11,23,,,Lullabot
2018-12,8,,,Lullabot
2019-01,10,,,Lullabot
2019-02,2,,,Lullabot
2019-03,6,,,Lullabot
2019-04,3,,,Lullabot
2019-05,15,,,Lullabot
2019-06,8,,,Lullabot
2019-07,11,,,Lullabot
2019-08,1,,,Lullabot
2019-09,1,,,Lullabot
2019-10,9,,,Lullabot
2019-11,18,,,Lullabot
2019-12,5,,,Lullabot
2020-01,3,,,Lullabot
2020-02,9,,,Lullabot
2020-03,10,,,Lullabot
2020-04,3,,,Lullabot
2020-05,5,,,Lullabot
2020-06,7,,,Lullabot
2020-07,4,,,Lullabot
2020-08,2,,,Lullabot
2020-09,4,,,Lullabot
2020-10,5,,,Lullabot
2020-12,4,,,Lullabot
2021-01,3,,,Lullabot
2021-02,6,,,Lullabot
2021-03,4,,,Lullabot
2021-04,9,,,Lullabot
2021-05,11,,,Lullabot
2021-06,15,,,Lullabot
2021-07,21,,,Lullabot
2021-08,12,,,Lullabot
2021-09,14,,,Lullabot
2021-10,12,,,Lullabot
2021-11,8,,,Lullabot
2021-12,11,,,Lullabot
2022-01,46,,,Lullabot
2022-02,14,,,Lullabot
2022-03,25,,,Lullabot
2022-04,20,,,Lullabot
2022-05,16,,,Lullabot
2022-06,18,,,Lullabot
2022-07,44,,,Lullabot
2022-08,19,,,Lullabot
2022-09,31,,,Lullabot
2022-10,37,,,Lullabot
2022-11,38,,,Lullabot
2022-12,28,,,Lullabot
2023-01,16,,,Lullabot
2023-02,11,,,Lullabot
2023-03,26,,,Lullabot
2023-04,24,,,Lullabot
2023-05,11,,,Lullabot
2023-06,17,,,Lullabot
2023-07,34,,,Lullabot
2023-08,32,,,Lullabot
2023-09,18,,,Lullabot
2023-10,74,,,Lullabot
2023-11,20,,,Lullabot
2023-12,19,,,Lullabot
2024-01,21,,,Lullabot
2024-02,78,,,Lullabot
2024-03,35,,,Lullabot
2024-04,27,,,Lullabot
2016-11,1,,,NLnetLabs
2017-03,1,,,NLnetLabs
2017-04,1,,,NLnetLabs
2017-07,1,,,NLnetLabs
2017-08,1,,,NLnetLabs
2018-03,2,,,NLnetLabs
2018-04,3,,,NLnetLabs
2018-07,4,,,NLnetLabs
2018-08,4,,,NLnetLabs
2018-09,7,,,NLnetLabs
2018-10,4,,,NLnetLabs
2018-11,10,,,NLnetLabs
2018-12,14,,,NLnetLabs
2019-01,16,,,NLnetLabs
2019-02,31,,,NLnetLabs
2019-03,35,,,NLnetLabs
2019-04,25,,,NLnetLabs
2019-05,47,,,NLnetLabs
2019-06,41,,,NLnetLabs
2019-07,47,,,NLnetLabs
2019-08,35,,,NLnetLabs
2019-09,41,,,NLnetLabs
2019-10,28,,,NLnetLabs
2019-11,39,,,NLnetLabs
2019-12,22,,,NLnetLabs
2020-01,32,,,NLnetLabs
2020-02,41,,,NLnetLabs
2020-03,84,,,NLnetLabs
2020-04,53,,,NLnetLabs
2020-05,15,,,NLnetLabs
2020-06,56,,,NLnetLabs
2020-07,25,,,NLnetLabs
2020-08,24,,,NLnetLabs
2020-09,38,,,NLnetLabs
2020-10,45,,,NLnetLabs
2020-11,43,,,NLnetLabs
2020-12,17,,,NLnetLabs
2021-01,61,,,NLnetLabs
2021-02,37,,,NLnetLabs
2021-03,69,,,NLnetLabs
2021-04,81,,,NLnetLabs
2021-05,96,,,NLnetLabs
2021-06,39,,,NLnetLabs
2021-07,62,,,NLnetLabs
2021-08,37,,,NLnetLabs
2021-09,32,,,NLnetLabs
2021-10,30,,,NLnetLabs
2021-11,68,,,NLnetLabs
2021-12,31,,,NLnetLabs
2022-01,90,,,NLnetLabs
2022-02,56,,,NLnetLabs
2022-03,39,,,NLnetLabs
2022-04,36,,,NLnetLabs
2022-05,14,,,NLnetLabs
2022-06,39,,,NLnetLabs
2022-07,40,,,NLnetLabs
2022-08,74,,,NLnetLabs
2022-09,72,,,NLnetLabs
2022-10,90,,,NLnetLabs
2022-11,85,,,NLnetLabs
2022-12,39,,,NLnetLabs
2023-01,63,,,NLnetLabs
2023-02,64,,,NLnetLabs
2023-03,53,,,NLnetLabs
2023-04,90,,,NLnetLabs
2023-05,75,,,NLnetLabs
2023-06,69,,,NLnetLabs
2023-07,66,,,NLnetLabs
2023-08,28,,,NLnetLabs
2023-09,86,,,NLnetLabs
2023-10,88,,,NLnetLabs
2023-11,76,,,NLnetLabs
2023-12,47,,,NLnetLabs
2024-01,91,,,NLnetLabs
2024-02,64,,,NLnetLabs
2024-03,54,,,NLnetLabs
2024-04,54,,,NLnetLabs
2015-07,1,0,1,openjs-foundation
2015-08,1,0,1,openjs-foundation
2016-07,1,0,1,openjs-foundation
2016-08,1,0,1,openjs-foundation
2017-09,5,0,5,openjs-foundation
2017-10,3,0,3,openjs-foundation
2018-04,1,0,1,openjs-foundation
2018-05,18,0,18,openjs-foundation
2018-06,1,0,1,openjs-foundation
2018-09,4,0,4,openjs-foundation
2018-10,29,0,29,openjs-foundation
2018-11,12,0,12,openjs-foundation
2018-12,9,0,9,openjs-foundation
2019-01,18,0,18,openjs-foundation
2019-02,16,0,16,openjs-foundation
2019-03,13,0,13,openjs-foundation
2019-04,14,0,14,openjs-foundation
2019-05,17,0,17,openjs-foundation
2019-06,27,0,27,openjs-foundation
2019-07,14,0,14,openjs-foundation
2019-08,28,0,28,openjs-foundation
2019-09,7,0,7,openjs-foundation
2019-10,13,0,13,openjs-foundation
2019-11,13,0,13,openjs-foundation
2019-12,29,0,29,openjs-foundation
2020-01,32,1,31,openjs-foundation
2020-02,11,0,11,openjs-foundation
2020-03,28,0,28,openjs-foundation
2020-04,23,2,21,openjs-foundation
2020-05,20,1,19,openjs-foundation
2020-06,17,0,17,openjs-foundation
2020-07,14,0,14,openjs-foundation
2020-08,14,0,14,openjs-foundation
2020-09,12,0,12,openjs-foundation
2020-10,11,2,9,openjs-foundation
2020-11,5,0,5,openjs-foundation
2020-12,8,0,8,openjs-foundation
2021-01,6,0,6,openjs-foundation
2021-02,14,0,14,openjs-foundation
2021-03,12,0,12,openjs-foundation
2021-04,4,0,4,openjs-foundation
2021-05,5,1,4,openjs-foundation
2021-06,7,0,7,openjs-foundation
2021-07,13,1,12,openjs-foundation
2021-08,12,1,11,openjs-foundation
2021-09,10,3,7,openjs-foundation
2021-10,2,1,1,openjs-foundation
2021-11,5,1,4,openjs-foundation
2021-12,3,1,2,openjs-foundation
2022-01,12,4,8,openjs-foundation
2022-02,3,0,3,openjs-foundation
2022-03,19,1,18,openjs-foundation
2022-04,20,1,19,openjs-foundation
2022-05,7,1,6,openjs-foundation
2022-06,1,0,1,openjs-foundation
2022-07,3,0,3,openjs-foundation
2022-08,5,0,5,openjs-foundation
2022-09,5,0,5,openjs-foundation
2022-10,5,0,5,openjs-foundation
2022-11,15,1,14,openjs-foundation
2022-12,6,0,6,openjs-foundation
2023-01,7,0,7,openjs-foundation
2023-02,5,0,5,openjs-foundation
2023-03,22,0,22,openjs-foundation
2023-04,23,0,23,openjs-foundation
2023-05,23,3,20,openjs-foundation
2023-06,22,1,21,openjs-foundation
2023-07,21,5,16,openjs-foundation
2023-08,28,0,28,openjs-foundation
2023-09,16,1,15,openjs-foundation
2023-10,11,0,11,openjs-foundation
2023-11,13,1,12,openjs-foundation
2023-12,11,0,11,openjs-foundation
2024-01,13,0,13,openjs-foundation
2024-02,13,2,11,openjs-foundation
2024-03,18,1,17,openjs-foundation
2024-04,8,4,4,openjs-foundation
2012-02,1,,,OpenMathLib
2012-05,4,,,OpenMathLib
2012-07,1,,,OpenMathLib
2012-08,1,,,OpenMathLib
2012-11,3,,,OpenMathLib
2012-12,3,,,OpenMathLib
2013-03,6,,,OpenMathLib
2013-04,2,,,OpenMathLib
2013-06,5,,,OpenMathLib
2013-07,6,,,OpenMathLib
2013-08,9,,,OpenMathLib
2013-09,1,,,OpenMathLib
2013-10,2,,,OpenMathLib
2013-12,3,,,OpenMathLib
2014-02,3,,,OpenMathLib
2014-05,6,,,OpenMathLib
2014-06,8,,,OpenMathLib
2014-07,12,,,OpenMathLib
2014-08,7,,,OpenMathLib
2014-09,7,,,OpenMathLib
2014-10,1,,,OpenMathLib
2014-11,1,,,OpenMathLib
2014-12,10,,,OpenMathLib
2015-01,3,,,OpenMathLib
2015-02,2,,,OpenMathLib
2015-03,3,,,OpenMathLib
2015-04,14,,,OpenMathLib
2015-05,17,,,OpenMathLib
2015-06,5,,,OpenMathLib
2015-08,15,,,OpenMathLib
2015-09,7,,,OpenMathLib
2015-10,4,,,OpenMathLib
2015-11,4,,,OpenMathLib
2015-12,6,,,OpenMathLib
2016-01,15,,,OpenMathLib
2016-02,4,,,OpenMathLib
2016-03,24,,,OpenMathLib
2016-04,17,,,OpenMathLib
2016-05,17,,,OpenMathLib
2016-06,5,,,OpenMathLib
2016-07,6,,,OpenMathLib
2016-08,3,,,OpenMathLib
2016-09,7,,,OpenMathLib
2016-10,9,,,OpenMathLib
2016-11,6,,,OpenMathLib
2016-12,8,,,OpenMathLib
2017-01,21,,,OpenMathLib
2017-02,20,,,OpenMathLib
2017-03,11,,,OpenMathLib
2017-04,12,,,OpenMathLib
2017-05,10,,,OpenMathLib
2017-06,6,,,OpenMathLib
2017-07,22,,,OpenMathLib
2017-08,16,,,OpenMathLib
2017-09,14,,,OpenMathLib
2017-10,9,,,OpenMathLib
2017-11,23,,,OpenMathLib
2017-12,18,,,OpenMathLib
2018-01,15,,,OpenMathLib
2018-02,22,,,OpenMathLib
2018-03,10,,,OpenMathLib
2018-04,23,,,OpenMathLib
2018-05,23,,,OpenMathLib
2018-06,41,,,OpenMathLib
2018-07,18,,,OpenMathLib
2018-08,27,,,OpenMathLib
2018-09,19,,,OpenMathLib
2018-10,36,,,OpenMathLib
2018-11,24,,,OpenMathLib
2018-12,22,,,OpenMathLib
2019-01,22,,,OpenMathLib
2019-02,26,,,OpenMathLib
2019-03,22,,,OpenMathLib
2019-04,12,,,OpenMathLib
2019-05,23,,,OpenMathLib
2019-06,11,,,OpenMathLib
2019-07,12,,,OpenMathLib
2019-08,19,,,OpenMathLib
2019-09,18,,,OpenMathLib
2019-10,14,,,OpenMathLib
2019-11,21,,,OpenMathLib
2019-12,20,,,OpenMathLib
2020-01,14,,,OpenMathLib
2020-02,60,,,OpenMathLib
2020-03,48,,,OpenMathLib
2020-04,35,,,OpenMathLib
2020-05,22,,,OpenMathLib
2020-06,33,,,OpenMathLib
2020-07,30,,,OpenMathLib
2020-08,28,,,OpenMathLib
2020-09,35,,,OpenMathLib
2020-10,63,,,OpenMathLib
2020-11,32,,,OpenMathLib
2020-12,25,,,OpenMathLib
2021-01,27,,,OpenMathLib
2021-02,18,,,OpenMathLib
2021-03,32,,,OpenMathLib
2021-04,23,,,OpenMathLib
2021-05,32,,,OpenMathLib
2021-06,17,,,OpenMathLib
2021-07,30,,,OpenMathLib
2021-08,17,,,OpenMathLib
2021-09,25,,,OpenMathLib
2021-10,32,,,OpenMathLib
2021-11,17,,,OpenMathLib
2021-12,28,,,OpenMathLib
2022-01,8,,,OpenMathLib
2022-02,19,,,OpenMathLib
2022-03,24,,,OpenMathLib
2022-04,15,,,OpenMathLib
2022-05,12,,,OpenMathLib
2022-06,17,,,OpenMathLib
2022-07,23,,,OpenMathLib
2022-08,25,,,OpenMathLib
2022-09,20,,,OpenMathLib
2022-10,12,,,OpenMathLib
2022-11,37,,,OpenMathLib
2022-12,20,,,OpenMathLib
2023-01,4,,,OpenMathLib
2023-02,18,,,OpenMathLib
2023-03,38,,,OpenMathLib
2023-04,27,,,OpenMathLib
2023-05,26,,,OpenMathLib
2023-06,38,,,OpenMathLib
2023-07,39,,,OpenMathLib
2023-08,24,,,OpenMathLib
2023-09,18,,,OpenMathLib
2023-10,20,,,OpenMathLib
2023-11,46,,,OpenMathLib
2023-12,35,,,OpenMathLib
2024-01,38,,,OpenMathLib
2024-02,51,,,OpenMathLib
2024-03,34,,,OpenMathLib
2024-04,44,,,OpenMathLib
2020-05,5,0,5,openmls
2020-06,1,0,1,openmls
2020-07,1,0,1,openmls
2020-08,6,0,6,openmls
2020-09,7,0,7,openmls
2020-10,49,0,49,openmls
2020-11,33,0,33,openmls
2020-12,33,0,33,openmls
2021-01,20,0,20,openmls
2021-02,20,0,20,openmls
2021-03,17,0,17,openmls
2021-04,15,0,15,openmls
2021-05,15,0,15,openmls
2021-06,9,0,9,openmls
2021-07,12,0,12,openmls
2021-08,4,0,4,openmls
2021-09,6,0,6,openmls
2021-10,18,0,18,openmls
2021-11,28,0,28,openmls
2021-12,55,0,55,openmls
2022-01,38,0,38,openmls
2022-02,79,0,79,openmls
2022-03,4,0,4,openmls
2022-04,4,0,4,openmls
2022-05,2,0,2,openmls
2022-06,7,0,7,openmls
2022-07,4,0,4,openmls
2022-08,2,0,2,openmls
2022-09,3,0,3,openmls
2022-10,32,0,32,openmls
2022-11,34,0,34,openmls
2022-12,28,0,28,openmls
2023-01,36,0,36,openmls
2023-02,47,0,47,openmls
2023-03,20,0,20,openmls
2023-04,28,0,28,openmls
2023-05,16,0,16,openmls
2023-06,12,0,12,openmls
2023-07,12,0,12,openmls
2023-08,4,0,4,openmls
2023-09,9,0,9,openmls
2023-10,2,0,2,openmls
2023-11,8,1,7,openmls
2023-12,1,0,1,openmls
2024-01,15,0,15,openmls
2024-02,15,0,15,openmls
2024-03,13,0,13,openmls
2024-04,21,4,17,openmls
2012-03,1,0,1,openpgpjs
2012-04,2,0,2,openpgpjs
2012-06,3,0,3,openpgpjs
2012-07,3,0,3,openpgpjs
2012-08,1,0,1,openpgpjs
2012-09,1,0,1,openpgpjs
2012-10,1,0,1,openpgpjs
2013-01,2,0,2,openpgpjs
2013-02,4,0,4,openpgpjs
2013-04,4,0,4,openpgpjs
2013-06,4,0,4,openpgpjs
2013-08,4,0,4,openpgpjs
2013-09,3,0,3,openpgpjs
2013-10,8,0,8,openpgpjs
2013-11,3,0,3,openpgpjs
2013-12,10,0,10,openpgpjs
2014-01,12,0,12,openpgpjs
2014-02,10,0,10,openpgpjs
2014-03,6,0,6,openpgpjs
2014-04,5,0,5,openpgpjs
2014-05,3,0,3,openpgpjs
2014-06,4,0,4,openpgpjs
2014-07,5,0,5,openpgpjs
2014-08,2,0,2,openpgpjs
2014-09,3,0,3,openpgpjs
2014-10,3,0,3,openpgpjs
2014-11,3,0,3,openpgpjs
2014-12,4,0,4,openpgpjs
2015-01,1,0,1,openpgpjs
2015-02,7,0,7,openpgpjs
2015-03,5,0,5,openpgpjs
2015-04,3,0,3,openpgpjs
2015-05,2,0,2,openpgpjs
2015-06,9,0,9,openpgpjs
2015-07,1,0,1,openpgpjs
2015-08,4,0,4,openpgpjs
2015-09,4,0,4,openpgpjs
2015-10,3,0,3,openpgpjs
2015-11,6,0,6,openpgpjs
2015-12,2,0,2,openpgpjs
2016-01,9,0,9,openpgpjs
2016-02,8,0,8,openpgpjs
2016-03,5,0,5,openpgpjs
2016-04,4,0,4,openpgpjs
2016-05,5,0,5,openpgpjs
2016-06,2,0,2,openpgpjs
2016-07,1,0,1,openpgpjs
2016-08,2,0,2,openpgpjs
2016-09,1,0,1,openpgpjs
2016-10,4,0,4,openpgpjs
2016-11,1,0,1,openpgpjs
2016-12,2,0,2,openpgpjs
2017-01,7,0,7,openpgpjs
2017-02,3,1,2,openpgpjs
2017-03,6,0,6,openpgpjs
2017-04,4,0,4,openpgpjs
2017-05,1,0,1,openpgpjs
2017-06,1,0,1,openpgpjs
2017-07,7,0,7,openpgpjs
2017-08,2,0,2,openpgpjs
2017-09,2,0,2,openpgpjs
2017-10,3,0,3,openpgpjs
2017-11,4,0,4,openpgpjs
2017-12,3,0,3,openpgpjs
2018-01,5,0,5,openpgpjs
2018-02,13,0,13,openpgpjs
2018-03,10,0,10,openpgpjs
2018-04,10,1,9,openpgpjs
2018-05,9,0,9,openpgpjs
2018-06,2,0,2,openpgpjs
2018-07,9,0,9,openpgpjs
2018-08,2,0,2,openpgpjs
2018-09,7,0,7,openpgpjs
2018-10,11,0,11,openpgpjs
2018-11,9,0,9,openpgpjs
2018-12,11,0,11,openpgpjs
2019-01,12,0,12,openpgpjs
2019-02,7,0,7,openpgpjs
2019-03,3,0,3,openpgpjs
2019-04,5,0,5,openpgpjs
2019-05,6,0,6,openpgpjs
2019-06,7,0,7,openpgpjs
2019-07,9,0,9,openpgpjs
2019-08,10,0,10,openpgpjs
2019-09,9,0,9,openpgpjs
2019-10,5,0,5,openpgpjs
2019-11,5,0,5,openpgpjs
2019-12,4,0,4,openpgpjs
2020-01,6,0,6,openpgpjs
2020-02,6,0,6,openpgpjs
2020-03,13,0,13,openpgpjs
2020-04,9,0,9,openpgpjs
2020-05,8,0,8,openpgpjs
2020-06,3,0,3,openpgpjs
2020-07,9,0,9,openpgpjs
2020-08,5,0,5,openpgpjs
2020-09,10,0,10,openpgpjs
2020-10,1,0,1,openpgpjs
2020-11,7,0,7,openpgpjs
2020-12,10,0,10,openpgpjs
2021-01,2,0,2,openpgpjs
2021-02,16,0,16,openpgpjs
2021-03,12,0,12,openpgpjs
2021-04,6,0,6,openpgpjs
2021-05,8,0,8,openpgpjs
2021-06,21,0,21,openpgpjs
2021-07,13,0,13,openpgpjs
2021-08,5,0,5,openpgpjs
2021-09,5,0,5,openpgpjs
2021-10,3,0,3,openpgpjs
2021-11,6,0,6,openpgpjs
2021-12,5,0,5,openpgpjs
2022-01,2,0,2,openpgpjs
2022-02,7,0,7,openpgpjs
2022-03,6,0,6,openpgpjs
2022-05,4,0,4,openpgpjs
2022-06,4,0,4,openpgpjs
2022-07,3,0,3,openpgpjs
2022-08,7,0,7,openpgpjs
2022-09,5,1,4,openpgpjs
2022-10,3,0,3,openpgpjs
2022-11,3,0,3,openpgpjs
2022-12,3,0,3,openpgpjs
2023-01,10,0,10,openpgpjs
2023-02,11,0,11,openpgpjs
2023-03,8,1,7,openpgpjs
2023-04,7,2,5,openpgpjs
2023-05,9,0,9,openpgpjs
2023-06,8,0,8,openpgpjs
2023-08,1,0,1,openpgpjs
2023-09,9,0,9,openpgpjs
2023-10,4,0,4,openpgpjs
2023-11,3,0,3,openpgpjs
2023-12,5,4,1,openpgpjs
2024-01,7,1,6,openpgpjs
2024-02,8,1,7,openpgpjs
2024-03,5,0,5,openpgpjs
2024-04,5,1,4,openpgpjs
2022-01,13,0,13,pendulum-project
2022-02,9,0,9,pendulum-project
2022-03,16,0,16,pendulum-project
2022-04,54,0,54,pendulum-project
2022-05,38,0,38,pendulum-project
2022-06,44,0,44,pendulum-project
2022-07,34,0,34,pendulum-project
2022-08,31,0,31,pendulum-project
2022-09,38,0,38,pendulum-project
2022-10,54,0,54,pendulum-project
2022-11,40,0,40,pendulum-project
2022-12,39,0,39,pendulum-project
2023-01,47,0,47,pendulum-project
2023-02,41,0,41,pendulum-project
2023-03,95,0,95,pendulum-project
2023-04,107,0,107,pendulum-project
2023-05,74,0,74,pendulum-project
2023-06,78,0,78,pendulum-project
2023-07,110,0,110,pendulum-project
2023-08,119,0,119,pendulum-project
2023-09,102,0,102,pendulum-project
2023-10,86,0,86,pendulum-project
2023-11,103,3,100,pendulum-project
2023-12,64,0,64,pendulum-project
2024-01,82,1,81,pendulum-project
2024-02,73,2,71,pendulum-project
2024-03,65,3,62,pendulum-project
2024-04,43,8,35,pendulum-project
2012-01,3,0,3,php
2012-02,2,0,2,php
2012-03,36,0,36,php
2012-04,41,0,41,php
2012-05,26,0,26,php
2012-06,24,0,24,php
2012-07,28,0,28,php
2012-08,36,0,36,php
2012-09,36,0,36,php
2012-10,16,0,16,php
2012-11,16,0,16,php
2012-12,13,0,13,php
2013-01,24,0,24,php
2013-02,25,0,25,php
2013-03,25,0,25,php
2013-04,22,0,22,php
2013-05,17,0,17,php
2013-06,27,0,27,php
2013-07,29,1,28,php
2013-08,27,0,27,php
2013-09,56,0,56,php
2013-10,43,0,43,php
2013-11,30,0,30,php
2013-12,27,0,27,php
2014-01,34,2,32,php
2014-02,34,0,34,php
2014-03,39,0,39,php
2014-04,28,0,28,php
2014-05,32,0,32,php
2014-06,30,1,29,php
2014-07,93,0,93,php
2014-08,81,0,81,php
2014-09,90,0,90,php
2014-10,30,1,29,php
2014-11,53,0,53,php
2014-12,70,0,70,php
2015-01,85,0,85,php
2015-02,102,0,102,php
2015-03,101,1,100,php
2015-04,57,2,55,php
2015-05,71,0,71,php
2015-06,75,0,75,php
2015-07,71,0,71,php
2015-08,60,2,58,php
2015-09,56,0,56,php
2015-10,82,0,82,php
2015-11,41,0,41,php
2015-12,85,1,84,php
2016-01,53,0,53,php
2016-02,46,0,46,php
2016-03,74,0,74,php
2016-04,58,1,57,php
2016-05,38,0,38,php
2016-06,54,1,53,php
2016-07,86,0,86,php
2016-08,67,0,67,php
2016-09,55,0,55,php
2016-10,43,0,43,php
2016-11,60,0,60,php
2016-12,53,1,52,php
2017-01,99,0,99,php
2017-02,54,0,54,php
2017-03,57,0,57,php
2017-04,60,0,60,php
2017-05,54,0,54,php
2017-06,67,1,66,php
2017-07,75,0,75,php
2017-08,71,0,71,php
2017-09,86,0,86,php
2017-10,102,0,102,php
2017-11,76,0,76,php
2017-12,47,0,47,php
2018-01,61,0,61,php
2018-02,138,1,137,php
2018-03,53,0,53,php
2018-04,30,0,30,php
2018-05,37,0,37,php
2018-06,119,0,119,php
2018-07,87,0,87,php
2018-08,68,0,68,php
2018-09,96,0,96,php
2018-10,133,0,133,php
2018-11,87,0,87,php
2018-12,67,0,67,php
2019-01,68,0,68,php
2019-02,138,0,138,php
2019-03,132,0,132,php
2019-04,109,0,109,php
2019-05,139,1,138,php
2019-06,150,2,148,php
2019-07,172,3,169,php
2019-08,190,2,188,php
2019-09,118,2,116,php
2019-10,127,3,124,php
2019-11,92,6,86,php
2019-12,103,3,100,php
2020-01,113,0,113,php
2020-02,118,2,116,php
2020-03,127,2,125,php
2020-04,207,7,200,php
2020-05,202,4,198,php
2020-06,145,4,141,php
2020-07,151,3,148,php
2020-08,161,1,160,php
2020-09,216,2,214,php
2020-10,185,3,182,php
2020-11,198,4,194,php
2020-12,173,3,170,php
2021-01,293,4,289,php
2021-02,163,4,159,php
2021-03,167,3,164,php
2021-04,251,10,241,php
2021-05,262,3,259,php
2021-06,281,4,277,php
2021-07,307,2,305,php
2021-08,289,13,276,php
2021-09,282,10,272,php
2021-10,236,7,229,php
2021-11,237,12,225,php
2021-12,298,9,289,php
2022-01,199,3,196,php
2022-02,126,3,123,php
2022-03,155,3,152,php
2022-04,197,7,190,php
2022-05,191,7,184,php
2022-06,311,7,304,php
2022-07,361,11,350,php
2022-08,237,8,229,php
2022-09,267,14,253,php
2022-10,300,20,280,php
2022-11,249,11,238,php
2022-12,319,12,307,php
2023-01,360,17,343,php
2023-02,309,12,297,php
2023-03,322,15,307,php
2023-04,205,15,190,php
2023-05,200,10,190,php
2023-06,227,9,218,php
2023-07,315,13,302,php
2023-08,308,32,276,php
2023-09,242,20,222,php
2023-10,298,14,284,php
2023-11,376,23,353,php
2023-12,508,18,490,php
2024-01,569,27,542,php
2024-02,494,42,452,php
2024-03,391,58,333,php
2024-04,205,36,169,php
2023-03,16,0,16,prefix-dev
2023-04,92,0,92,prefix-dev
2023-05,19,0,19,prefix-dev
2023-06,95,0,95,prefix-dev
2023-07,58,0,58,prefix-dev
2023-08,32,0,32,prefix-dev
2023-09,66,0,66,prefix-dev
2023-10,102,0,102,prefix-dev
2023-11,169,1,168,prefix-dev
2023-12,126,1,125,prefix-dev
2024-01,255,1,254,prefix-dev
2024-02,263,2,261,prefix-dev
2024-03,206,6,200,prefix-dev
2024-04,173,22,151,prefix-dev
2013-02,4,0,4,pyca
2013-03,15,0,15,pyca
2013-04,1,0,1,pyca
2013-05,2,0,2,pyca
2013-07,2,0,2,pyca
2013-08,36,0,36,pyca
2013-09,32,0,32,pyca
2013-10,153,2,151,pyca
2013-11,66,0,66,pyca
2013-12,89,0,89,pyca
2014-01,141,0,141,pyca
2014-02,150,0,150,pyca
2014-03,157,0,157,pyca
2014-04,105,0,105,pyca
2014-05,83,0,83,pyca
2014-06,98,0,98,pyca
2014-07,84,0,84,pyca
2014-08,34,0,34,pyca
2014-09,41,0,41,pyca
2014-10,66,0,66,pyca
2014-11,44,0,44,pyca
2014-12,85,0,85,pyca
2015-01,43,0,43,pyca
2015-02,50,0,50,pyca
2015-03,99,0,99,pyca
2015-04,89,0,89,pyca
2015-05,110,0,110,pyca
2015-06,83,0,83,pyca
2015-07,69,0,69,pyca
2015-08,110,0,110,pyca
2015-09,104,0,104,pyca
2015-10,74,0,74,pyca
2015-11,26,0,26,pyca
2015-12,97,0,97,pyca
2016-01,91,0,91,pyca
2016-02,32,0,32,pyca
2016-03,113,0,113,pyca
2016-04,22,0,22,pyca
2016-05,30,0,30,pyca
2016-06,100,0,100,pyca
2016-07,33,0,33,pyca
2016-08,51,0,51,pyca
2016-09,55,0,55,pyca
2016-10,24,0,24,pyca
2016-11,77,0,77,pyca
2016-12,42,0,42,pyca
2017-01,55,0,55,pyca
2017-02,38,0,38,pyca
2017-03,55,0,55,pyca
2017-04,94,0,94,pyca
2017-05,109,0,109,pyca
2017-06,116,1,115,pyca
2017-07,96,0,96,pyca
2017-08,43,0,43,pyca
2017-09,71,0,71,pyca
2017-10,64,0,64,pyca
2017-11,38,0,38,pyca
2017-12,40,0,40,pyca
2018-01,24,0,24,pyca
2018-02,31,0,31,pyca
2018-03,59,0,59,pyca
2018-04,34,0,34,pyca
2018-05,62,0,62,pyca
2018-06,33,0,33,pyca
2018-07,70,0,70,pyca
2018-08,55,0,55,pyca
2018-09,34,0,34,pyca
2018-10,68,1,67,pyca
2018-11,52,0,52,pyca
2018-12,46,0,46,pyca
2019-01,67,0,67,pyca
2019-02,54,0,54,pyca
2019-03,19,0,19,pyca
2019-04,30,0,30,pyca
2019-05,94,0,94,pyca
2019-06,37,1,36,pyca
2019-07,29,2,27,pyca
2019-08,9,0,9,pyca
2019-09,24,0,24,pyca
2019-10,35,0,35,pyca
2019-11,31,0,31,pyca
2019-12,14,1,13,pyca
2020-01,17,0,17,pyca
2020-02,8,0,8,pyca
2020-03,45,0,45,pyca
2020-04,89,0,89,pyca
2020-05,22,0,22,pyca
2020-06,22,0,22,pyca
2020-07,79,0,79,pyca
2020-08,118,0,118,pyca
2020-09,26,0,26,pyca
2020-10,66,1,65,pyca
2020-11,62,3,59,pyca
2020-12,89,2,87,pyca
2021-01,39,0,39,pyca
2021-02,122,0,122,pyca
2021-03,49,1,48,pyca
2021-04,76,0,76,pyca
2021-05,74,0,74,pyca
2021-06,64,0,64,pyca
2021-07,31,0,31,pyca
2021-08,67,0,67,pyca
2021-09,78,0,78,pyca
2021-10,148,0,148,pyca
2021-11,157,0,157,pyca
2021-12,115,0,115,pyca
2022-01,67,0,67,pyca
2022-02,75,1,74,pyca
2022-03,93,0,93,pyca
2022-04,129,0,129,pyca
2022-05,144,0,144,pyca
2022-06,89,0,89,pyca
2022-07,85,0,85,pyca
2022-08,103,0,103,pyca
2022-09,118,1,117,pyca
2022-10,117,0,117,pyca
2022-11,97,0,97,pyca
2022-12,109,1,108,pyca
2023-01,244,0,244,pyca
2023-02,233,0,233,pyca
2023-03,249,2,247,pyca
2023-04,206,2,204,pyca
2023-05,165,0,165,pyca
2023-06,164,1,163,pyca
2023-07,174,0,174,pyca
2023-08,221,1,220,pyca
2023-09,170,0,170,pyca
2023-10,155,0,155,pyca
2023-11,156,0,156,pyca
2023-12,170,1,169,pyca
2024-01,241,2,239,pyca
2024-02,198,2,196,pyca
2024-03,166,2,164,pyca
2024-04,191,3,188,pyca
2012-01,3,0,3,qos-ch
2012-02,1,0,1,qos-ch
2012-03,4,0,4,qos-ch
2012-04,5,0,5,qos-ch
2012-05,4,0,4,qos-ch
2012-06,6,0,6,qos-ch
2012-07,7,2,5,qos-ch
2012-08,6,0,6,qos-ch
2012-09,6,1,5,qos-ch
2012-10,4,2,2,qos-ch
2012-11,2,0,2,qos-ch
2012-12,3,2,1,qos-ch
2013-01,9,1,8,qos-ch
2013-02,7,0,7,qos-ch
2013-03,22,5,17,qos-ch
2013-04,36,1,35,qos-ch
2013-05,10,4,6,qos-ch
2013-06,7,2,5,qos-ch
2013-07,8,2,6,qos-ch
2013-08,4,1,3,qos-ch
2013-09,11,0,11,qos-ch
2013-10,8,0,8,qos-ch
2013-11,12,1,11,qos-ch
2013-12,10,1,9,qos-ch
2014-01,3,0,3,qos-ch
2014-02,17,4,13,qos-ch
2014-03,13,1,12,qos-ch
2014-04,18,1,17,qos-ch
2014-05,9,0,9,qos-ch
2014-06,5,2,3,qos-ch
2014-07,12,0,12,qos-ch
2014-08,8,1,7,qos-ch
2014-09,6,0,6,qos-ch
2014-10,8,2,6,qos-ch
2014-11,8,3,5,qos-ch
2014-12,14,1,13,qos-ch
2015-01,8,0,8,qos-ch
2015-02,6,1,5,qos-ch
2015-03,9,0,9,qos-ch
2015-04,21,3,18,qos-ch
2015-05,4,1,3,qos-ch
2015-06,8,3,5,qos-ch
2015-07,7,1,6,qos-ch
2015-08,4,2,2,qos-ch
2015-09,7,7,0,qos-ch
2015-10,8,3,5,qos-ch
2015-11,10,4,6,qos-ch
2015-12,13,4,9,qos-ch
2016-01,8,6,2,qos-ch
2016-02,9,3,6,qos-ch
2016-03,15,5,10,qos-ch
2016-04,9,4,5,qos-ch
2016-05,8,3,5,qos-ch
2016-06,7,5,2,qos-ch
2016-07,5,1,4,qos-ch
2016-08,5,3,2,qos-ch
2016-09,2,2,0,qos-ch
2016-10,5,3,2,qos-ch
2016-11,9,2,7,qos-ch
2016-12,14,6,8,qos-ch
2017-01,8,2,6,qos-ch
2017-02,7,1,6,qos-ch
2017-03,10,4,6,qos-ch
2017-04,3,2,1,qos-ch
2017-05,3,2,1,qos-ch
2017-06,7,2,5,qos-ch
2017-07,8,4,4,qos-ch
2017-08,8,6,2,qos-ch
2017-09,6,0,6,qos-ch
2017-10,6,2,4,qos-ch
2017-11,7,5,2,qos-ch
2017-12,5,3,2,qos-ch
2018-01,4,2,2,qos-ch
2018-02,2,2,0,qos-ch
2018-03,10,3,7,qos-ch
2018-04,1,1,0,qos-ch
2018-05,5,3,2,qos-ch
2018-06,4,3,1,qos-ch
2018-07,2,1,1,qos-ch
2018-08,4,3,1,qos-ch
2018-09,8,1,7,qos-ch
2018-10,7,5,2,qos-ch
2018-11,3,2,1,qos-ch
2018-12,7,6,1,qos-ch
2019-01,4,3,1,qos-ch
2019-02,5,1,4,qos-ch
2019-03,5,2,3,qos-ch
2019-04,3,2,1,qos-ch
2019-05,4,4,0,qos-ch
2019-06,3,2,1,qos-ch
2019-07,9,1,8,qos-ch
2019-08,11,2,9,qos-ch
2019-09,2,1,1,qos-ch
2019-10,7,3,4,qos-ch
2019-11,5,2,3,qos-ch
2019-12,4,3,1,qos-ch
2020-01,2,2,0,qos-ch
2020-02,4,2,2,qos-ch
2020-03,10,7,3,qos-ch
2020-04,3,1,2,qos-ch
2020-05,2,1,1,qos-ch
2020-06,3,2,1,qos-ch
2020-07,6,5,1,qos-ch
2020-08,7,3,4,qos-ch
2020-09,2,0,2,qos-ch
2020-10,12,9,3,qos-ch
2020-11,5,5,0,qos-ch
2020-12,4,3,1,qos-ch
2021-01,2,2,0,qos-ch
2021-02,13,8,5,qos-ch
2021-03,2,1,1,qos-ch
2021-04,2,1,1,qos-ch
2021-05,6,6,0,qos-ch
2021-06,5,4,1,qos-ch
2021-07,1,1,0,qos-ch
2021-08,9,2,7,qos-ch
2021-09,2,1,1,qos-ch
2021-10,7,1,6,qos-ch
2021-11,5,1,4,qos-ch
2021-12,19,7,12,qos-ch
2022-01,18,5,13,qos-ch
2022-02,7,2,5,qos-ch
2022-03,6,2,4,qos-ch
2022-04,9,1,8,qos-ch
2022-05,5,1,4,qos-ch
2022-06,6,5,1,qos-ch
2022-07,10,1,9,qos-ch
2022-08,10,2,8,qos-ch
2022-09,20,5,15,qos-ch
2022-10,10,1,9,qos-ch
2022-11,11,6,5,qos-ch
2022-12,10,1,9,qos-ch
2023-01,7,1,6,qos-ch
2023-02,4,3,1,qos-ch
2023-03,16,5,11,qos-ch
2023-04,10,0,10,qos-ch
2023-05,4,0,4,qos-ch
2023-06,11,3,8,qos-ch
2023-07,6,2,4,qos-ch
2023-08,2,0,2,qos-ch
2023-09,2,1,1,qos-ch
2023-10,7,5,2,qos-ch
2023-11,7,4,3,qos-ch
2023-12,5,2,3,qos-ch
2024-01,9,6,3,qos-ch
2024-02,7,3,4,qos-ch
2024-03,9,6,3,qos-ch
2024-04,6,5,1,qos-ch
2012-01,48,0,48,rubygems
2012-02,29,0,29,rubygems
2012-03,33,0,33,rubygems
2012-04,22,0,22,rubygems
2012-05,23,0,23,rubygems
2012-06,14,0,14,rubygems
2012-07,18,0,18,rubygems
2012-08,26,0,26,rubygems
2012-09,32,0,32,rubygems
2012-10,33,0,33,rubygems
2012-11,56,0,56,rubygems
2012-12,29,0,29,rubygems
2013-01,93,0,93,rubygems
2013-02,86,0,86,rubygems
2013-03,60,0,60,rubygems
2013-04,31,0,31,rubygems
2013-05,26,0,26,rubygems
2013-06,36,0,36,rubygems
2013-07,56,0,56,rubygems
2013-08,61,0,61,rubygems
2013-09,50,0,50,rubygems
2013-10,52,0,52,rubygems
2013-11,44,0,44,rubygems
2013-12,59,0,59,rubygems
2014-01,60,0,60,rubygems
2014-02,49,0,49,rubygems
2014-03,38,0,38,rubygems
2014-04,52,1,51,rubygems
2014-05,61,1,60,rubygems
2014-06,28,0,28,rubygems
2014-07,40,0,40,rubygems
2014-08,31,0,31,rubygems
2014-09,28,0,28,rubygems
2014-10,36,0,36,rubygems
2014-11,69,0,69,rubygems
2014-12,89,0,89,rubygems
2015-01,77,0,77,rubygems
2015-02,78,0,78,rubygems
2015-03,113,2,111,rubygems
2015-04,71,0,71,rubygems
2015-05,79,0,79,rubygems
2015-06,93,0,93,rubygems
2015-07,151,0,151,rubygems
2015-08,91,0,91,rubygems
2015-09,73,0,73,rubygems
2015-10,100,0,100,rubygems
2015-11,82,0,82,rubygems
2015-12,94,0,94,rubygems
2016-01,103,0,103,rubygems
2016-02,107,0,107,rubygems
2016-03,132,0,132,rubygems
2016-04,81,0,81,rubygems
2016-05,106,0,106,rubygems
2016-06,111,1,110,rubygems
2016-07,78,1,77,rubygems
2016-08,116,0,116,rubygems
2016-09,86,0,86,rubygems
2016-10,105,0,105,rubygems
2016-11,75,0,75,rubygems
2016-12,67,0,67,rubygems
2017-01,82,0,82,rubygems
2017-02,83,0,83,rubygems
2017-03,55,1,54,rubygems
2017-04,73,0,73,rubygems
2017-05,68,0,68,rubygems
2017-06,94,0,94,rubygems
2017-07,67,0,67,rubygems
2017-08,85,0,85,rubygems
2017-09,58,0,58,rubygems
2017-10,70,0,70,rubygems
2017-11,60,0,60,rubygems
2017-12,52,0,52,rubygems
2018-01,46,0,46,rubygems
2018-02,67,0,67,rubygems
2018-03,75,1,74,rubygems
2018-04,41,2,39,rubygems
2018-05,51,0,51,rubygems
2018-06,53,1,52,rubygems
2018-07,49,0,49,rubygems
2018-08,49,0,49,rubygems
2018-09,55,0,55,rubygems
2018-10,97,2,95,rubygems
2018-11,94,0,94,rubygems
2018-12,101,2,99,rubygems
2019-01,103,0,103,rubygems
2019-02,97,0,97,rubygems
2019-03,120,0,120,rubygems
2019-04,130,0,130,rubygems
2019-05,71,2,69,rubygems
2019-06,90,0,90,rubygems
2019-07,88,0,88,rubygems
2019-08,112,0,112,rubygems
2019-09,62,1,61,rubygems
2019-10,68,0,68,rubygems
2019-11,88,0,88,rubygems
2019-12,90,0,90,rubygems
2020-01,106,0,106,rubygems
2020-02,74,0,74,rubygems
2020-03,157,0,157,rubygems
2020-04,138,1,137,rubygems
2020-05,123,2,121,rubygems
2020-06,138,0,138,rubygems
2020-07,139,2,137,rubygems
2020-08,61,0,61,rubygems
2020-09,65,1,64,rubygems
2020-10,86,0,86,rubygems
2020-11,62,2,60,rubygems
2020-12,124,3,121,rubygems
2021-01,102,0,102,rubygems
2021-02,83,0,83,rubygems
2021-03,84,2,82,rubygems
2021-04,62,1,61,rubygems
2021-05,69,0,69,rubygems
2021-06,59,0,59,rubygems
2021-07,76,1,75,rubygems
2021-08,69,0,69,rubygems
2021-09,60,2,58,rubygems
2021-10,93,2,91,rubygems
2021-11,87,0,87,rubygems
2021-12,106,1,105,rubygems
2022-01,86,3,83,rubygems
2022-02,60,0,60,rubygems
2022-03,64,1,63,rubygems
2022-04,95,3,92,rubygems
2022-05,85,3,82,rubygems
2022-06,122,3,119,rubygems
2022-07,256,6,250,rubygems
2022-08,149,1,148,rubygems
2022-09,80,4,76,rubygems
2022-10,65,3,62,rubygems
2022-11,76,2,74,rubygems
2022-12,176,1,175,rubygems
2023-01,229,4,225,rubygems
2023-02,203,1,202,rubygems
2023-03,298,10,288,rubygems
2023-04,160,4,156,rubygems
2023-05,156,2,154,rubygems
2023-06,140,0,140,rubygems
2023-07,161,2,159,rubygems
2023-08,184,3,181,rubygems
2023-09,177,5,172,rubygems
2023-10,189,1,188,rubygems
2023-11,160,4,156,rubygems
2023-12,202,2,200,rubygems
2024-01,222,8,214,rubygems
2024-02,164,10,154,rubygems
2024-03,124,8,116,rubygems
2024-04,117,19,98,rubygems
2016-05,1,0,1,rustls
2016-07,6,0,6,rustls
2016-08,2,0,2,rustls
2016-09,3,0,3,rustls
2016-10,2,0,2,rustls
2016-11,3,0,3,rustls
2016-12,3,0,3,rustls
2017-01,4,0,4,rustls
2017-02,4,0,4,rustls
2017-03,4,0,4,rustls
2017-04,1,0,1,rustls
2017-05,15,0,15,rustls
2017-06,12,0,12,rustls
2017-07,2,0,2,rustls
2017-08,11,0,11,rustls
2017-09,17,0,17,rustls
2017-10,3,0,3,rustls
2017-11,5,0,5,rustls
2017-12,5,0,5,rustls
2018-01,1,0,1,rustls
2018-02,3,0,3,rustls
2018-03,1,0,1,rustls
2018-04,6,0,6,rustls
2018-05,2,0,2,rustls
2018-06,6,0,6,rustls
2018-07,6,0,6,rustls
2018-08,3,0,3,rustls
2018-09,2,0,2,rustls
2018-10,1,0,1,rustls
2018-11,5,0,5,rustls
2018-12,1,0,1,rustls
2019-01,25,0,25,rustls
2019-02,1,0,1,rustls
2019-03,8,0,8,rustls
2019-05,6,0,6,rustls
2019-06,9,0,9,rustls
2019-07,22,0,22,rustls
2019-08,10,0,10,rustls
2019-09,9,0,9,rustls
2019-10,10,0,10,rustls
2019-11,6,0,6,rustls
2019-12,7,0,7,rustls
2020-01,6,1,5,rustls
2020-02,7,0,7,rustls
2020-03,5,0,5,rustls
2020-04,10,1,9,rustls
2020-05,3,0,3,rustls
2020-06,7,0,7,rustls
2020-07,2,0,2,rustls
2020-08,4,1,3,rustls
2020-09,2,0,2,rustls
2020-10,12,0,12,rustls
2020-11,16,0,16,rustls
2020-12,25,0,25,rustls
2021-01,24,0,24,rustls
2021-02,91,1,90,rustls
2021-03,68,0,68,rustls
2021-04,68,0,68,rustls
2021-05,32,0,32,rustls
2021-06,40,0,40,rustls
2021-07,17,0,17,rustls
2021-08,11,0,11,rustls
2021-09,36,0,36,rustls
2021-10,18,0,18,rustls
2021-11,66,0,66,rustls
2021-12,28,0,28,rustls
2022-01,56,0,56,rustls
2022-02,12,0,12,rustls
2022-03,11,0,11,rustls
2022-04,10,0,10,rustls
2022-05,18,0,18,rustls
2022-06,22,0,22,rustls
2022-07,14,0,14,rustls
2022-08,8,0,8,rustls
2022-09,13,0,13,rustls
2022-10,22,0,22,rustls
2022-11,14,0,14,rustls
2022-12,30,0,30,rustls
2023-01,42,0,42,rustls
2023-02,23,0,23,rustls
2023-03,99,0,99,rustls
2023-04,34,0,34,rustls
2023-05,31,0,31,rustls
2023-06,62,1,61,rustls
2023-07,90,0,90,rustls
2023-08,90,0,90,rustls
2023-09,125,5,120,rustls
2023-10,87,1,86,rustls
2023-11,161,1,160,rustls
2023-12,96,2,94,rustls
2024-01,81,3,78,rustls
2024-02,94,2,92,rustls
2024-03,121,3,118,rustls
2024-04,72,5,67,rustls
2012-09,1,0,1,systemd
2012-12,1,0,1,systemd
2013-09,1,0,1,systemd
2014-05,6,0,6,systemd
2014-11,2,0,2,systemd
2015-02,1,0,1,systemd
2015-03,2,0,2,systemd
2015-04,1,0,1,systemd
2015-05,1,0,1,systemd
2015-06,305,0,305,systemd
2015-07,229,0,229,systemd
2015-08,175,0,175,systemd
2015-09,218,0,218,systemd
2015-10,207,0,207,systemd
2015-11,235,0,235,systemd
2015-12,107,0,107,systemd
2016-01,148,0,148,systemd
2016-02,168,1,167,systemd
2016-03,88,0,88,systemd
2016-04,156,0,156,systemd
2016-05,149,0,149,systemd
2016-06,152,0,152,systemd
2016-07,138,0,138,systemd
2016-08,132,0,132,systemd
2016-09,102,0,102,systemd
2016-10,186,0,186,systemd
2016-11,135,0,135,systemd
2016-12,130,0,130,systemd
2017-01,108,0,108,systemd
2017-02,197,0,197,systemd
2017-03,105,1,104,systemd
2017-04,98,0,98,systemd
2017-05,123,1,122,systemd
2017-06,141,1,140,systemd
2017-07,165,0,165,systemd
2017-08,128,0,128,systemd
2017-09,186,0,186,systemd
2017-10,176,1,175,systemd
2017-11,208,1,207,systemd
2017-12,169,1,168,systemd
2018-01,201,2,199,systemd
2018-02,162,0,162,systemd
2018-03,193,1,192,systemd
2018-04,134,3,131,systemd
2018-05,185,0,185,systemd
2018-06,231,0,231,systemd
2018-07,157,0,157,systemd
2018-08,123,0,123,systemd
2018-09,137,2,135,systemd
2018-10,261,0,261,systemd
2018-11,306,0,306,systemd
2018-12,225,0,225,systemd
2019-01,240,2,238,systemd
2019-02,200,3,197,systemd
2019-03,239,1,238,systemd
2019-04,205,0,205,systemd
2019-05,212,2,210,systemd
2019-06,150,3,147,systemd
2019-07,252,2,250,systemd
2019-08,132,1,131,systemd
2019-09,141,0,141,systemd
2019-10,149,2,147,systemd
2019-11,208,1,207,systemd
2019-12,154,4,150,systemd
2020-01,181,1,180,systemd
2020-02,158,1,157,systemd
2020-03,200,0,200,systemd
2020-04,265,2,263,systemd
2020-05,245,0,245,systemd
2020-06,228,0,228,systemd
2020-07,262,1,261,systemd
2020-08,202,0,202,systemd
2020-09,209,1,208,systemd
2020-10,178,3,175,systemd
2020-11,170,2,168,systemd
2020-12,268,2,266,systemd
2021-01,272,1,271,systemd
2021-02,332,5,327,systemd
2021-03,279,2,277,systemd
2021-04,232,0,232,systemd
2021-05,214,3,211,systemd
2021-06,248,1,247,systemd
2021-07,181,1,180,systemd
2021-08,190,4,186,systemd
2021-09,235,3,232,systemd
2021-10,247,0,247,systemd
2021-11,347,6,341,systemd
2021-12,276,5,271,systemd
2022-01,286,3,283,systemd
2022-02,258,2,256,systemd
2022-03,263,9,254,systemd
2022-04,214,3,211,systemd
2022-05,280,1,279,systemd
2022-06,211,4,207,systemd
2022-07,256,1,255,systemd
2022-08,335,2,333,systemd
2022-09,319,4,315,systemd
2022-10,271,8,263,systemd
2022-11,293,15,278,systemd
2022-12,214,6,208,systemd
2023-01,326,5,321,systemd
2023-02,298,5,293,systemd
2023-03,420,8,412,systemd
2023-04,393,7,386,systemd
2023-05,368,4,364,systemd
2023-06,298,11,287,systemd
2023-07,347,12,335,systemd
2023-08,397,6,391,systemd
2023-09,348,2,346,systemd
2023-10,387,14,373,systemd
2023-11,417,13,404,systemd
2023-12,378,6,372,systemd
2024-01,494,17,477,systemd
2024-02,356,13,343,systemd
2024-03,483,25,458,systemd
2024-04,336,31,305,systemd
2013-06,1,0,1,tc39
2013-07,12,0,12,tc39
2013-08,2,0,2,tc39
2013-09,1,0,1,tc39
2013-11,1,0,1,tc39
2013-12,1,0,1,tc39
2014-01,33,0,33,tc39
2014-02,3,0,3,tc39
2014-03,4,0,4,tc39
2014-04,11,0,11,tc39
2014-05,8,0,8,tc39
2014-06,3,0,3,tc39
2014-07,23,0,23,tc39
2014-08,20,0,20,tc39
2014-09,22,0,22,tc39
2014-10,29,0,29,tc39
2014-11,11,0,11,tc39
2014-12,17,0,17,tc39
2015-01,17,0,17,tc39
2015-02,36,0,36,tc39
2015-03,43,0,43,tc39
2015-04,41,0,41,tc39
2015-05,72,0,72,tc39
2015-06,64,0,64,tc39
2015-07,102,0,102,tc39
2015-08,61,0,61,tc39
2015-09,45,0,45,tc39
2015-10,75,0,75,tc39
2015-11,71,0,71,tc39
2015-12,63,0,63,tc39
2016-01,90,0,90,tc39
2016-02,117,0,117,tc39
2016-03,126,6,120,tc39
2016-04,75,1,74,tc39
2016-05,87,2,85,tc39
2016-06,90,0,90,tc39
2016-07,66,3,63,tc39
2016-08,59,1,58,tc39
2016-09,47,0,47,tc39
2016-10,35,1,34,tc39
2016-11,40,0,40,tc39
2016-12,46,1,45,tc39
2017-01,80,1,79,tc39
2017-02,55,0,55,tc39
2017-03,105,1,104,tc39
2017-04,106,0,106,tc39
2017-05,69,0,69,tc39
2017-06,104,0,104,tc39
2017-07,101,0,101,tc39
2017-08,68,0,68,tc39
2017-09,115,0,115,tc39
2017-10,123,0,123,tc39
2017-11,77,0,77,tc39
2017-12,81,1,80,tc39
2018-01,116,1,115,tc39
2018-02,131,0,131,tc39
2018-03,141,2,139,tc39
2018-04,123,0,123,tc39
2018-05,152,0,152,tc39
2018-06,125,1,124,tc39
2018-07,173,0,173,tc39
2018-08,93,1,92,tc39
2018-09,149,1,148,tc39
2018-10,184,3,181,tc39
2018-11,144,0,144,tc39
2018-12,99,1,98,tc39
2019-01,260,2,258,tc39
2019-02,77,0,77,tc39
2019-03,160,1,159,tc39
2019-04,109,7,102,tc39
2019-05,174,0,174,tc39
2019-06,170,5,165,tc39
2019-07,178,4,174,tc39
2019-08,118,1,117,tc39
2019-09,141,1,140,tc39
2019-10,203,5,198,tc39
2019-11,152,4,148,tc39
2019-12,90,2,88,tc39
2020-01,132,0,132,tc39
2020-02,168,2,166,tc39
2020-03,238,5,233,tc39
2020-04,202,4,198,tc39
2020-05,233,0,233,tc39
2020-06,235,2,233,tc39
2020-07,303,9,294,tc39
2020-08,156,3,153,tc39
2020-09,239,3,236,tc39
2020-10,180,2,178,tc39
2020-11,207,10,197,tc39
2020-12,86,6,80,tc39
2021-01,190,7,183,tc39
2021-02,172,9,163,tc39
2021-03,140,7,133,tc39
2021-04,172,3,169,tc39
2021-05,176,11,165,tc39
2021-06,153,2,151,tc39
2021-07,245,2,243,tc39
2021-08,193,4,189,tc39
2021-09,168,3,165,tc39
2021-10,200,2,198,tc39
2021-11,156,0,156,tc39
2021-12,151,4,147,tc39
2022-01,140,1,139,tc39
2022-02,131,9,122,tc39
2022-03,218,5,213,tc39
2022-04,160,6,154,tc39
2022-05,173,4,169,tc39
2022-06,221,8,213,tc39
2022-07,248,13,235,tc39
2022-08,125,3,122,tc39
2022-09,169,6,163,tc39
2022-10,98,4,94,tc39
2022-11,151,8,143,tc39
2022-12,90,12,78,tc39
2023-01,167,8,159,tc39
2023-02,69,4,65,tc39
2023-03,147,0,147,tc39
2023-04,104,2,102,tc39
2023-05,130,8,122,tc39
2023-06,150,9,141,tc39
2023-07,125,6,119,tc39
2023-08,114,9,105,tc39
2023-09,136,9,127,tc39
2023-10,86,14,72,tc39
2023-11,120,13,107,tc39
2023-12,90,5,85,tc39
2024-01,160,14,146,tc39
2024-02,118,11,107,tc39
2024-03,159,24,135,tc39
2024-04,98,29,69,tc39
2013-10,6,0,6,uutils
2013-11,4,0,4,uutils
2013-12,21,0,21,uutils
2014-01,14,0,14,uutils
2014-02,33,0,33,uutils
2014-03,18,0,18,uutils
2014-04,9,0,9,uutils
2014-05,35,0,35,uutils
2014-06,86,0,86,uutils
2014-07,43,0,43,uutils
2014-08,7,0,7,uutils
2014-09,20,0,20,uutils
2014-10,24,0,24,uutils
2014-11,24,0,24,uutils
2014-12,17,0,17,uutils
2015-01,30,0,30,uutils
2015-02,9,0,9,uutils
2015-03,3,0,3,uutils
2015-04,22,0,22,uutils
2015-05,66,0,66,uutils
2015-06,11,0,11,uutils
2015-07,23,0,23,uutils
2015-08,11,0,11,uutils
2015-09,8,0,8,uutils
2015-10,8,0,8,uutils
2015-11,21,0,21,uutils
2015-12,34,0,34,uutils
2016-01,23,0,23,uutils
2016-02,15,0,15,uutils
2016-03,17,0,17,uutils
2016-04,10,0,10,uutils
2016-05,15,0,15,uutils
2016-06,13,0,13,uutils
2016-07,17,0,17,uutils
2016-08,49,0,49,uutils
2016-09,2,0,2,uutils
2016-10,2,0,2,uutils
2016-11,10,0,10,uutils
2016-12,11,0,11,uutils
2017-01,4,0,4,uutils
2017-03,10,0,10,uutils
2017-04,10,0,10,uutils
2017-05,4,0,4,uutils
2017-06,8,0,8,uutils
2017-07,12,0,12,uutils
2017-08,6,0,6,uutils
2017-09,2,0,2,uutils
2017-10,12,0,12,uutils
2017-11,5,0,5,uutils
2017-12,16,0,16,uutils
2018-01,12,0,12,uutils
2018-02,2,0,2,uutils
2018-03,22,0,22,uutils
2018-04,13,0,13,uutils
2018-05,4,0,4,uutils
2018-06,54,0,54,uutils
2018-07,14,0,14,uutils
2018-08,3,0,3,uutils
2018-09,12,0,12,uutils
2018-10,15,0,15,uutils
2018-11,8,0,8,uutils
2018-12,2,0,2,uutils
2019-01,2,0,2,uutils
2019-02,12,0,12,uutils
2019-03,6,0,6,uutils
2019-04,16,0,16,uutils
2019-05,14,0,14,uutils
2019-06,22,0,22,uutils
2019-07,9,0,9,uutils
2019-08,7,0,7,uutils
2019-09,8,0,8,uutils
2019-10,5,0,5,uutils
2019-11,3,0,3,uutils
2019-12,3,0,3,uutils
2020-01,14,0,14,uutils
2020-02,4,0,4,uutils
2020-03,3,0,3,uutils
2020-04,27,0,27,uutils
2020-05,37,1,36,uutils
2020-06,25,1,24,uutils
2020-07,9,0,9,uutils
2020-08,14,0,14,uutils
2020-09,5,0,5,uutils
2020-10,21,0,21,uutils
2020-11,22,0,22,uutils
2020-12,24,0,24,uutils
2021-01,29,0,29,uutils
2021-02,33,0,33,uutils
2021-03,147,0,147,uutils
2021-04,119,0,119,uutils
2021-05,133,0,133,uutils
2021-06,123,0,123,uutils
2021-07,69,0,69,uutils
2021-08,78,0,78,uutils
2021-09,61,0,61,uutils
2021-10,34,0,34,uutils
2021-11,22,0,22,uutils
2021-12,69,0,69,uutils
2022-01,135,1,134,uutils
2022-02,148,1,147,uutils
2022-03,112,0,112,uutils
2022-04,89,0,89,uutils
2022-05,102,0,102,uutils
2022-06,74,0,74,uutils
2022-07,71,0,71,uutils
2022-08,108,0,108,uutils
2022-09,85,0,85,uutils
2022-10,90,0,90,uutils
2022-11,106,0,106,uutils
2022-12,40,0,40,uutils
2023-01,63,0,63,uutils
2023-02,101,0,101,uutils
2023-03,218,0,218,uutils
2023-04,112,1,111,uutils
2023-05,118,1,117,uutils
2023-06,110,3,107,uutils
2023-07,99,3,96,uutils
2023-08,117,2,115,uutils
2023-09,119,2,117,uutils
2023-10,131,5,126,uutils
2023-11,105,8,97,uutils
2023-12,159,11,148,uutils
2024-01,176,11,165,uutils
2024-02,165,20,145,uutils
2024-03,175,22,153,uutils
2024-04,133,30,103,uutils
2012-06,9,0,9,w3c
2012-07,6,0,6,w3c
2012-08,4,0,4,w3c
2012-09,13,0,13,w3c
2012-10,11,0,11,w3c
2012-11,7,0,7,w3c
2012-12,11,0,11,w3c
2013-01,18,0,18,w3c
2013-02,11,1,10,w3c
2013-03,31,0,31,w3c
2013-04,53,0,53,w3c
2013-05,22,0,22,w3c
2013-06,95,2,93,w3c
2013-07,25,0,25,w3c
2013-08,55,0,55,w3c
2013-09,69,0,69,w3c
2013-10,59,0,59,w3c
2013-11,91,0,91,w3c
2013-12,52,1,51,w3c
2014-01,98,0,98,w3c
2014-02,81,0,81,w3c
2014-03,79,0,79,w3c
2014-04,143,2,141,w3c
2014-05,135,0,135,w3c
2014-06,186,0,186,w3c
2014-07,160,2,158,w3c
2014-08,178,0,178,w3c
2014-09,182,1,181,w3c
2014-10,257,2,255,w3c
2014-11,206,0,206,w3c
2014-12,160,0,160,w3c
2015-01,310,0,310,w3c
2015-02,373,2,371,w3c
2015-03,394,16,378,w3c
2015-04,370,3,367,w3c
2015-05,343,2,341,w3c
2015-06,410,0,410,w3c
2015-07,505,5,500,w3c
2015-08,340,3,337,w3c
2015-09,470,3,467,w3c
2015-10,315,1,314,w3c
2015-11,395,1,394,w3c
2015-12,478,3,475,w3c
2016-01,405,3,402,w3c
2016-02,465,0,465,w3c
2016-03,530,2,528,w3c
2016-04,580,2,578,w3c
2016-05,699,0,699,w3c
2016-06,591,2,589,w3c
2016-07,488,5,483,w3c
2016-08,537,5,532,w3c
2016-09,529,3,526,w3c
2016-10,494,0,494,w3c
2016-11,497,3,494,w3c
2016-12,492,2,490,w3c
2017-01,615,2,613,w3c
2017-02,679,8,671,w3c
2017-03,723,10,713,w3c
2017-04,661,5,656,w3c
2017-05,770,1,769,w3c
2017-06,599,1,598,w3c
2017-07,358,2,356,w3c
2017-08,573,9,564,w3c
2017-09,573,7,566,w3c
2017-10,566,2,564,w3c
2017-11,487,16,471,w3c
2017-12,458,4,454,w3c
2018-01,546,6,540,w3c
2018-02,598,3,595,w3c
2018-03,554,5,549,w3c
2018-04,455,6,449,w3c
2018-05,564,3,561,w3c
2018-06,666,16,650,w3c
2018-07,612,1,611,w3c
2018-08,555,0,555,w3c
2018-09,599,7,592,w3c
2018-10,653,6,647,w3c
2018-11,573,3,570,w3c
2018-12,532,6,526,w3c
2019-01,650,5,645,w3c
2019-02,584,2,582,w3c
2019-03,822,11,811,w3c
2019-04,719,6,713,w3c
2019-05,877,12,865,w3c
2019-06,617,17,600,w3c
2019-07,689,9,680,w3c
2019-08,639,3,636,w3c
2019-09,700,10,690,w3c
2019-10,619,16,603,w3c
2019-11,568,3,565,w3c
2019-12,520,8,512,w3c
2020-01,523,12,511,w3c
2020-02,471,17,454,w3c
2020-03,624,6,618,w3c
2020-04,543,7,536,w3c
2020-05,668,15,653,w3c
2020-06,754,16,738,w3c
2020-07,630,14,616,w3c
2020-08,731,12,719,w3c
2020-09,748,11,737,w3c
2020-10,742,22,720,w3c
2020-11,620,13,607,w3c
2020-12,594,9,585,w3c
2021-01,504,10,494,w3c
2021-02,870,13,857,w3c
2021-03,1119,21,1098,w3c
2021-04,903,19,884,w3c
2021-05,1082,30,1052,w3c
2021-06,962,25,937,w3c
2021-07,965,17,948,w3c
2021-08,809,23,786,w3c
2021-09,898,29,869,w3c
2021-10,810,27,783,w3c
2021-11,835,22,813,w3c
2021-12,611,22,589,w3c
2022-01,806,23,783,w3c
2022-02,802,32,770,w3c
2022-03,990,16,974,w3c
2022-04,772,36,736,w3c
2022-05,901,27,874,w3c
2022-06,947,42,905,w3c
2022-07,788,22,766,w3c
2022-08,682,36,646,w3c
2022-09,1070,53,1017,w3c
2022-10,872,32,840,w3c
2022-11,691,46,645,w3c
2022-12,851,60,791,w3c
2023-01,827,40,787,w3c
2023-02,846,31,815,w3c
2023-03,964,40,924,w3c
2023-04,856,23,833,w3c
2023-05,869,40,829,w3c
2023-06,748,33,715,w3c
2023-07,883,35,848,w3c
2023-08,673,42,631,w3c
2023-09,809,47,762,w3c
2023-10,840,55,785,w3c
2023-11,815,57,758,w3c
2023-12,776,68,708,w3c
2024-01,720,51,669,w3c
2024-02,788,107,681,w3c
2024-03,805,177,628,w3c
2024-04,521,163,358,w3c
2023-08,64,6,58,sequoia-pgp
2023-09,54,1,53,sequoia-pgp
2024-03,1,1,0,sequoia-pgp
2024-04,1,0,1,sequoia-pgp
2012-01,14,0,14,apereo
2012-02,11,0,11,apereo
2012-03,21,0,21,apereo
2012-04,8,0,8,apereo
2012-05,10,1,9,apereo
2012-06,11,0,11,apereo
2012-07,21,0,21,apereo
2012-08,30,0,30,apereo
2012-09,24,0,24,apereo
2012-10,24,1,23,apereo
2012-11,28,0,28,apereo
2012-12,7,0,7,apereo
2013-01,24,0,24,apereo
2013-02,15,1,14,apereo
2013-03,18,1,17,apereo
2013-04,25,0,25,apereo
2013-05,23,0,23,apereo
2013-06,22,0,22,apereo
2013-07,19,0,19,apereo
2013-08,16,0,16,apereo
2013-09,18,0,18,apereo
2013-10,37,0,37,apereo
2013-11,15,1,14,apereo
2013-12,19,0,19,apereo
2014-01,17,0,17,apereo
2014-02,20,0,20,apereo
2014-03,11,0,11,apereo
2014-04,17,0,17,apereo
2014-05,17,0,17,apereo
2014-06,18,0,18,apereo
2014-07,37,1,36,apereo
2014-08,39,0,39,apereo
2014-09,18,0,18,apereo
2014-10,15,0,15,apereo
2014-11,31,0,31,apereo
2014-12,34,0,34,apereo
2015-01,27,0,27,apereo
2015-02,11,0,11,apereo
2015-03,20,0,20,apereo
2015-04,29,0,29,apereo
2015-05,23,0,23,apereo
2015-06,36,0,36,apereo
2015-07,31,0,31,apereo
2015-08,27,0,27,apereo
2015-09,49,1,48,apereo
2015-10,34,0,34,apereo
2015-11,45,0,45,apereo
2015-12,61,0,61,apereo
2016-01,58,1,57,apereo
2016-02,57,0,57,apereo
2016-03,52,0,52,apereo
2016-04,27,0,27,apereo
2016-05,58,1,57,apereo
2016-06,25,0,25,apereo
2016-07,38,0,38,apereo
2016-08,37,0,37,apereo
2016-09,31,0,31,apereo
2016-10,23,0,23,apereo
2016-11,22,0,22,apereo
2016-12,74,1,73,apereo
2017-01,37,1,36,apereo
2017-02,29,0,29,apereo
2017-03,43,0,43,apereo
2017-04,36,0,36,apereo
2017-05,29,0,29,apereo
2017-06,79,0,79,apereo
2017-07,61,0,61,apereo
2017-08,69,0,69,apereo
2017-09,48,0,48,apereo
2017-10,57,0,57,apereo
2017-11,36,1,35,apereo
2017-12,43,0,43,apereo
2018-01,76,0,76,apereo
2018-02,52,0,52,apereo
2018-03,44,0,44,apereo
2018-04,39,2,37,apereo
2018-05,67,0,67,apereo
2018-06,44,0,44,apereo
2018-07,85,1,84,apereo
2018-08,64,0,64,apereo
2018-09,81,0,81,apereo
2018-10,89,2,87,apereo
2018-11,55,1,54,apereo
2018-12,82,0,82,apereo
2019-01,90,0,90,apereo
2019-02,72,0,72,apereo
2019-03,36,0,36,apereo
2019-04,116,5,111,apereo
2019-05,153,0,153,apereo
2019-06,93,0,93,apereo
2019-07,110,1,109,apereo
2019-08,137,1,136,apereo
2019-09,88,0,88,apereo
2019-10,123,1,122,apereo
2019-11,157,5,152,apereo
2019-12,128,0,128,apereo
2020-01,124,0,124,apereo
2020-02,128,0,128,apereo
2020-03,88,0,88,apereo
2020-04,85,0,85,apereo
2020-05,70,0,70,apereo
2020-06,47,0,47,apereo
2020-07,48,1,47,apereo
2020-08,32,0,32,apereo
2020-09,37,0,37,apereo
2020-10,63,0,63,apereo
2020-11,54,0,54,apereo
2020-12,50,0,50,apereo
2021-01,33,3,30,apereo
2021-02,59,1,58,apereo
2021-03,91,0,91,apereo
2021-04,59,3,56,apereo
2021-05,58,0,58,apereo
2021-06,78,0,78,apereo
2021-07,68,6,62,apereo
2021-08,39,0,39,apereo
2021-09,41,0,41,apereo
2021-10,63,2,61,apereo
2021-11,102,1,101,apereo
2021-12,51,0,51,apereo
2022-01,80,0,80,apereo
2022-02,78,3,75,apereo
2022-03,91,0,91,apereo
2022-04,54,1,53,apereo
2022-05,47,1,46,apereo
2022-06,46,0,46,apereo
2022-07,41,0,41,apereo
2022-08,45,0,45,apereo
2022-09,53,0,53,apereo
2022-10,55,0,55,apereo
2022-11,66,0,66,apereo
2022-12,56,1,55,apereo
2023-01,56,1,55,apereo
2023-02,47,0,47,apereo
2023-03,114,0,114,apereo
2023-04,48,0,48,apereo
2023-05,56,0,56,apereo
2023-06,69,0,69,apereo
2023-07,65,3,62,apereo
2023-08,61,0,61,apereo
2023-09,87,0,87,apereo
2023-10,86,1,85,apereo
2023-11,98,0,98,apereo
2023-12,97,0,97,apereo
2024-01,74,2,72,apereo
2024-02,80,11,69,apereo
2024-03,49,3,46,apereo
2024-04,23,1,22,apereo
2016-03,1,0,1,streamich
2016-12,1,0,1,streamich
2017-07,1,0,1,streamich
2017-08,33,0,33,streamich
2017-09,14,0,14,streamich
2017-10,4,0,4,streamich
2017-11,9,0,9,streamich
2017-12,13,1,12,streamich
2018-01,264,43,221,streamich
2018-02,196,2,194,streamich
2018-03,181,1,180,streamich
2018-04,181,0,181,streamich
2018-05,287,4,283,streamich
2018-06,191,10,181,streamich
2018-07,234,2,232,streamich
2018-08,196,24,172,streamich
2018-09,142,4,138,streamich
2018-10,206,11,195,streamich
2018-11,215,11,204,streamich
2018-12,191,23,168,streamich
2019-01,135,6,129,streamich
2019-02,181,9,172,streamich
2019-03,342,8,334,streamich
2019-04,328,13,315,streamich
2019-05,257,4,253,streamich
2019-06,293,4,289,streamich
2019-07,282,28,254,streamich
2019-08,280,5,275,streamich
2019-09,169,2,167,streamich
2019-10,303,4,299,streamich
2019-11,310,7,303,streamich
2019-12,235,3,232,streamich
2020-01,247,11,236,streamich
2020-02,171,7,164,streamich
2020-03,187,29,158,streamich
2020-04,202,35,167,streamich
2020-05,212,42,170,streamich
2020-06,130,13,117,streamich
2020-07,211,45,166,streamich
2020-08,169,32,137,streamich
2020-09,190,38,152,streamich
2020-10,216,29,187,streamich
2020-11,161,24,137,streamich
2020-12,139,27,112,streamich
2021-01,174,7,167,streamich
2021-02,247,19,228,streamich
2021-03,254,37,217,streamich
2021-04,178,11,167,streamich
2021-05,305,71,234,streamich
2021-06,208,36,172,streamich
2021-07,126,11,115,streamich
2021-08,231,37,194,streamich
2021-09,313,45,268,streamich
2021-10,280,15,265,streamich
2021-11,208,12,196,streamich
2021-12,176,3,173,streamich
2022-01,184,52,132,streamich
2022-02,110,20,90,streamich
2022-03,127,17,110,streamich
2022-04,228,24,204,streamich
2022-05,187,31,156,streamich
2022-06,224,28,196,streamich
2022-07,89,8,81,streamich
2022-08,120,7,113,streamich
2022-09,127,8,119,streamich
2022-10,146,17,129,streamich
2022-11,143,29,114,streamich
2022-12,138,60,78,streamich
2023-01,163,22,141,streamich
2023-02,72,10,62,streamich
2023-03,315,11,304,streamich
2023-04,138,7,131,streamich
2023-05,109,2,107,streamich
2023-06,133,9,124,streamich
2023-07,110,7,103,streamich
2023-08,170,4,166,streamich
2023-09,122,2,120,streamich
2023-10,132,15,117,streamich
2023-11,256,52,204,streamich
2023-12,232,13,219,streamich
2024-01,170,15,155,streamich
2024-02,189,23,166,streamich
2024-03,207,18,189,streamich
2024-04,159,35,124,streamich
2012-03,2,0,2,wamp-proto
2013-04,1,0,1,wamp-proto
2013-10,1,0,1,wamp-proto
2014-03,1,0,1,wamp-proto
2014-06,2,0,2,wamp-proto
2014-08,2,0,2,wamp-proto
2014-10,1,0,1,wamp-proto
2014-11,2,0,2,wamp-proto
2014-12,1,0,1,wamp-proto
2015-03,3,0,3,wamp-proto
2015-04,1,0,1,wamp-proto
2015-05,2,0,2,wamp-proto
2015-06,1,0,1,wamp-proto
2015-08,3,0,3,wamp-proto
2015-09,3,0,3,wamp-proto
2015-10,4,0,4,wamp-proto
2015-11,1,0,1,wamp-proto
2015-12,4,0,4,wamp-proto
2016-01,1,0,1,wamp-proto
2016-04,5,0,5,wamp-proto
2016-05,2,0,2,wamp-proto
2016-08,1,0,1,wamp-proto
2016-09,1,0,1,wamp-proto
2016-10,1,0,1,wamp-proto
2016-11,3,0,3,wamp-proto
2017-03,1,0,1,wamp-proto
2017-04,1,0,1,wamp-proto
2017-06,1,0,1,wamp-proto
2017-12,1,0,1,wamp-proto
2018-02,3,0,3,wamp-proto
2018-03,6,0,6,wamp-proto
2018-04,4,0,4,wamp-proto
2018-06,2,0,2,wamp-proto
2018-07,5,0,5,wamp-proto
2018-08,1,0,1,wamp-proto
2018-10,5,0,5,wamp-proto
2018-11,3,0,3,wamp-proto
2019-01,1,0,1,wamp-proto
2019-03,2,0,2,wamp-proto
2019-04,2,0,2,wamp-proto
2019-06,1,0,1,wamp-proto
2019-07,2,0,2,wamp-proto
2019-08,8,0,8,wamp-proto
2019-09,2,0,2,wamp-proto
2019-11,1,0,1,wamp-proto
2020-01,2,0,2,wamp-proto
2020-02,9,0,9,wamp-proto
2020-03,15,0,15,wamp-proto
2020-04,3,0,3,wamp-proto
2020-05,4,0,4,wamp-proto
2020-06,2,0,2,wamp-proto
2020-07,1,0,1,wamp-proto
2020-08,1,0,1,wamp-proto
2020-09,3,0,3,wamp-proto
2020-10,2,0,2,wamp-proto
2020-11,1,0,1,wamp-proto
2021-01,2,0,2,wamp-proto
2021-02,2,0,2,wamp-proto
2021-04,1,0,1,wamp-proto
2021-07,1,0,1,wamp-proto
2021-10,1,0,1,wamp-proto
2021-12,3,0,3,wamp-proto
2022-04,1,0,1,wamp-proto
2022-06,10,0,10,wamp-proto
2022-07,3,0,3,wamp-proto
2022-08,2,0,2,wamp-proto
2022-09,1,0,1,wamp-proto
2022-10,1,0,1,wamp-proto
2022-11,1,0,1,wamp-proto
2022-12,1,0,1,wamp-proto
2023-01,6,0,6,wamp-proto
2023-02,15,1,14,wamp-proto
2023-03,3,0,3,wamp-proto
2023-05,5,0,5,wamp-proto
2023-06,3,0,3,wamp-proto
2023-07,2,0,2,wamp-proto
2023-08,1,1,0,wamp-proto
2023-10,1,0,1,wamp-proto
2023-11,2,0,2,wamp-proto
2024-01,2,0,2,wamp-proto
2024-03,5,1,4,wamp-proto
2024-04,5,0,5,wamp-proto
2020-08,1,0,1,dbus2
2021-07,1,0,1,dbus2
2022-06,1,0,1,dbus2
2023-01,5,0,5,dbus2
2023-02,2,0,2,dbus2
2023-03,2,0,2,dbus2
2023-04,2,0,2,dbus2
2023-05,20,0,20,dbus2
2023-06,33,1,32,dbus2
2023-07,24,1,23,dbus2
2023-08,26,0,26,dbus2
2023-09,11,0,11,dbus2
2023-10,10,0,10,dbus2
2023-11,12,0,12,dbus2
2023-12,9,1,8,dbus2
2024-01,22,3,19,dbus2
2024-02,119,0,119,dbus2
2024-03,41,1,40,dbus2
2024-04,28,2,26,dbus2
2020-12,25,,,Badger-Finance
2021-01,76,,,Badger-Finance
2021-02,86,,,Badger-Finance
2021-03,150,,,Badger-Finance
2021-04,203,,,Badger-Finance
2021-05,239,,,Badger-Finance
2021-06,155,,,Badger-Finance
2021-07,192,,,Badger-Finance
2021-08,335,,,Badger-Finance
2021-09,316,,,Badger-Finance
2021-10,262,,,Badger-Finance
2021-11,401,,,Badger-Finance
2021-12,254,,,Badger-Finance
2022-01,330,,,Badger-Finance
2022-02,338,,,Badger-Finance
2022-03,591,,,Badger-Finance
2022-04,226,,,Badger-Finance
2022-05,198,,,Badger-Finance
2022-06,319,,,Badger-Finance
2022-07,280,,,Badger-Finance
2022-08,313,,,Badger-Finance
2022-09,212,,,Badger-Finance
2022-10,101,,,Badger-Finance
2022-11,87,,,Badger-Finance
2022-12,77,,,Badger-Finance
2023-01,54,,,Badger-Finance
2023-02,38,,,Badger-Finance
2023-03,31,,,Badger-Finance
2023-04,23,,,Badger-Finance
2023-05,37,,,Badger-Finance
2023-06,42,,,Badger-Finance
2023-07,27,,,Badger-Finance
2023-08,9,,,Badger-Finance
2023-09,14,,,Badger-Finance
2023-10,14,,,Badger-Finance
2023-11,4,,,Badger-Finance
2023-12,5,,,Badger-Finance
2024-01,10,,,Badger-Finance
2024-02,5,,,Badger-Finance
2024-03,3,,,Badger-Finance
2024-04,4,,,Badger-Finance
