month,age,org_name
2014-06,1,apache
2014-07,2,apache
2014-08,3,apache
2014-09,4,apache
2014-10,5,apache
2014-11,6,apache
2014-12,7,apache
2015-01,8,apache
2015-02,9,apache
2015-03,10,apache
2015-04,11,apache
2015-05,12,apache
2015-06,13,apache
2015-07,14,apache
2015-08,15,apache
2015-09,16,apache
2015-10,17,apache
2015-11,18,apache
2015-12,19,apache
2016-01,20,apache
2016-02,21,apache
2016-03,22,apache
2016-04,23,apache
2016-05,24,apache
2016-06,25,apache
2016-07,26,apache
2016-08,27,apache
2016-09,28,apache
2016-10,29,apache
2016-11,30,apache
2016-12,31,apache
2017-01,32,apache
2017-02,33,apache
2017-03,34,apache
2017-04,35,apache
2017-05,36,apache
2017-06,37,apache
2017-07,38,apache
2017-08,39,apache
2017-09,40,apache
2017-10,41,apache
2017-11,42,apache
2017-12,43,apache
2018-01,44,apache
2018-02,45,apache
2018-03,46,apache
2018-04,47,apache
2018-05,48,apache
2018-06,49,apache
2018-07,50,apache
2018-08,51,apache
2018-09,52,apache
2018-10,53,apache
2018-11,54,apache
2018-12,55,apache
2019-01,56,apache
2019-02,57,apache
2019-03,58,apache
2019-04,59,apache
2019-05,60,apache
2019-06,61,apache
2019-07,62,apache
2019-08,63,apache
2019-09,64,apache
2019-10,65,apache
2019-11,66,apache
2019-12,67,apache
2020-01,68,apache
2020-02,69,apache
2020-03,70,apache
2020-04,71,apache
2020-05,72,apache
2020-06,73,apache
2020-07,74,apache
2020-08,75,apache
2020-09,76,apache
2020-10,77,apache
2020-11,78,apache
2020-12,79,apache
2021-01,80,apache
2021-02,81,apache
2021-03,82,apache
2021-04,83,apache
2021-05,84,apache
2021-06,85,apache
2021-07,86,apache
2021-08,87,apache
2021-09,88,apache
2021-10,89,apache
2021-11,90,apache
2021-12,91,apache
2022-01,92,apache
2022-02,93,apache
2022-03,94,apache
2022-04,95,apache
2022-05,96,apache
2022-06,97,apache
2022-07,98,apache
2022-08,99,apache
2022-09,100,apache
2022-10,101,apache
2022-11,102,apache
2022-12,103,apache
2023-01,104,apache
2023-02,105,apache
2023-03,106,apache
2023-04,107,apache
2023-05,108,apache
2023-06,109,apache
2023-07,110,apache
2023-08,111,apache
2023-09,112,apache
2023-10,113,apache
2023-11,114,apache
2023-12,115,apache
2024-01,116,apache
2024-02,117,apache
2024-03,118,apache
2024-04,119,apache
2024-05,120,apache
2015-06,1,curl
2015-07,2,curl
2015-08,3,curl
2015-09,4,curl
2015-10,5,curl
2015-11,6,curl
2015-12,7,curl
2016-01,8,curl
2016-02,9,curl
2016-03,10,curl
2016-04,11,curl
2016-05,12,curl
2016-06,13,curl
2016-07,14,curl
2016-08,15,curl
2016-09,16,curl
2016-10,17,curl
2016-11,18,curl
2016-12,19,curl
2017-01,20,curl
2017-02,21,curl
2017-03,22,curl
2017-04,23,curl
2017-05,24,curl
2017-06,25,curl
2017-07,26,curl
2017-08,27,curl
2017-09,28,curl
2017-10,29,curl
2017-11,30,curl
2017-12,31,curl
2018-01,32,curl
2018-02,33,curl
2018-03,34,curl
2018-04,35,curl
2018-05,36,curl
2018-06,37,curl
2018-07,38,curl
2018-08,39,curl
2018-09,40,curl
2018-10,41,curl
2018-11,42,curl
2018-12,43,curl
2019-01,44,curl
2019-02,45,curl
2019-03,46,curl
2019-04,47,curl
2019-05,48,curl
2019-06,49,curl
2019-07,50,curl
2019-08,51,curl
2019-09,52,curl
2019-10,53,curl
2019-11,54,curl
2019-12,55,curl
2020-01,56,curl
2020-02,57,curl
2020-03,58,curl
2020-04,59,curl
2020-05,60,curl
2020-06,61,curl
2020-07,62,curl
2020-08,63,curl
2020-09,64,curl
2020-10,65,curl
2020-11,66,curl
2020-12,67,curl
2021-01,68,curl
2021-02,69,curl
2021-03,70,curl
2021-04,71,curl
2021-05,72,curl
2021-06,73,curl
2021-07,74,curl
2021-08,75,curl
2021-09,76,curl
2021-10,77,curl
2021-11,78,curl
2021-12,79,curl
2022-01,80,curl
2022-02,81,curl
2022-03,82,curl
2022-04,83,curl
2022-05,84,curl
2022-06,85,curl
2022-07,86,curl
2022-08,87,curl
2022-09,88,curl
2022-10,89,curl
2022-11,90,curl
2022-12,91,curl
2023-01,92,curl
2023-02,93,curl
2023-03,94,curl
2023-04,95,curl
2023-05,96,curl
2023-06,97,curl
2023-07,98,curl
2023-08,99,curl
2023-09,100,curl
2023-10,101,curl
2023-11,102,curl
2023-12,103,curl
2024-01,104,curl
2024-02,105,curl
2024-03,106,curl
2024-04,107,curl
2024-05,108,curl
2017-07,1,fortran-lang
2017-08,2,fortran-lang
2017-09,3,fortran-lang
2017-10,4,fortran-lang
2017-11,5,fortran-lang
2017-12,6,fortran-lang
2018-01,7,fortran-lang
2018-02,8,fortran-lang
2018-03,9,fortran-lang
2018-04,10,fortran-lang
2018-05,11,fortran-lang
2018-06,12,fortran-lang
2018-07,13,fortran-lang
2018-08,14,fortran-lang
2018-09,15,fortran-lang
2018-10,16,fortran-lang
2018-11,17,fortran-lang
2018-12,18,fortran-lang
2019-01,19,fortran-lang
2019-02,20,fortran-lang
2019-03,21,fortran-lang
2019-04,22,fortran-lang
2019-05,23,fortran-lang
2019-06,24,fortran-lang
2019-07,25,fortran-lang
2019-08,26,fortran-lang
2019-09,27,fortran-lang
2019-10,28,fortran-lang
2019-11,29,fortran-lang
2019-12,30,fortran-lang
2020-01,31,fortran-lang
2020-02,32,fortran-lang
2020-03,33,fortran-lang
2020-04,34,fortran-lang
2020-05,35,fortran-lang
2020-06,36,fortran-lang
2020-07,37,fortran-lang
2020-08,38,fortran-lang
2020-09,39,fortran-lang
2020-10,40,fortran-lang
2020-11,41,fortran-lang
2020-12,42,fortran-lang
2021-01,43,fortran-lang
2021-02,44,fortran-lang
2021-03,45,fortran-lang
2021-04,46,fortran-lang
2021-05,47,fortran-lang
2021-06,48,fortran-lang
2021-07,49,fortran-lang
2021-08,50,fortran-lang
2021-09,51,fortran-lang
2021-10,52,fortran-lang
2021-11,53,fortran-lang
2021-12,54,fortran-lang
2022-01,55,fortran-lang
2022-02,56,fortran-lang
2022-03,57,fortran-lang
2022-04,58,fortran-lang
2022-05,59,fortran-lang
2022-06,60,fortran-lang
2022-07,61,fortran-lang
2022-08,62,fortran-lang
2022-09,63,fortran-lang
2022-10,64,fortran-lang
2022-11,65,fortran-lang
2022-12,66,fortran-lang
2023-01,67,fortran-lang
2023-02,68,fortran-lang
2023-03,69,fortran-lang
2023-04,70,fortran-lang
2023-05,71,fortran-lang
2023-06,72,fortran-lang
2023-07,73,fortran-lang
2023-08,74,fortran-lang
2023-09,75,fortran-lang
2023-10,76,fortran-lang
2023-11,77,fortran-lang
2023-12,78,fortran-lang
2024-01,79,fortran-lang
2024-02,80,fortran-lang
2024-03,81,fortran-lang
2024-04,82,fortran-lang
2024-05,83,fortran-lang
2015-08,1,Lullabot
2015-09,2,Lullabot
2015-10,3,Lullabot
2015-11,4,Lullabot
2015-12,5,Lullabot
2016-01,6,Lullabot
2016-02,7,Lullabot
2016-03,8,Lullabot
2016-04,9,Lullabot
2016-05,10,Lullabot
2016-06,11,Lullabot
2016-07,12,Lullabot
2016-08,13,Lullabot
2016-09,14,Lullabot
2016-10,15,Lullabot
2016-11,16,Lullabot
2016-12,17,Lullabot
2017-01,18,Lullabot
2017-02,19,Lullabot
2017-03,20,Lullabot
2017-04,21,Lullabot
2017-05,22,Lullabot
2017-06,23,Lullabot
2017-07,24,Lullabot
2017-08,25,Lullabot
2017-09,26,Lullabot
2017-10,27,Lullabot
2017-11,28,Lullabot
2017-12,29,Lullabot
2018-01,30,Lullabot
2018-02,31,Lullabot
2018-03,32,Lullabot
2018-04,33,Lullabot
2018-05,34,Lullabot
2018-06,35,Lullabot
2018-07,36,Lullabot
2018-08,37,Lullabot
2018-09,38,Lullabot
2018-10,39,Lullabot
2018-11,40,Lullabot
2018-12,41,Lullabot
2019-01,42,Lullabot
2019-02,43,Lullabot
2019-03,44,Lullabot
2019-04,45,Lullabot
2019-05,46,Lullabot
2019-06,47,Lullabot
2019-07,48,Lullabot
2019-08,49,Lullabot
2019-09,50,Lullabot
2019-10,51,Lullabot
2019-11,52,Lullabot
2019-12,53,Lullabot
2020-01,54,Lullabot
2020-02,55,Lullabot
2020-03,56,Lullabot
2020-04,57,Lullabot
2020-05,58,Lullabot
2020-06,59,Lullabot
2020-07,60,Lullabot
2020-08,61,Lullabot
2020-09,62,Lullabot
2020-10,63,Lullabot
2020-11,64,Lullabot
2020-12,65,Lullabot
2021-01,66,Lullabot
2021-02,67,Lullabot
2021-03,68,Lullabot
2021-04,69,Lullabot
2021-05,70,Lullabot
2021-06,71,Lullabot
2021-07,72,Lullabot
2021-08,73,Lullabot
2021-09,74,Lullabot
2021-10,75,Lullabot
2021-11,76,Lullabot
2021-12,77,Lullabot
2022-01,78,Lullabot
2022-02,79,Lullabot
2022-03,80,Lullabot
2022-04,81,Lullabot
2022-05,82,Lullabot
2022-06,83,Lullabot
2022-07,84,Lullabot
2022-08,85,Lullabot
2022-09,86,Lullabot
2022-10,87,Lullabot
2022-11,88,Lullabot
2022-12,89,Lullabot
2023-01,90,Lullabot
2023-02,91,Lullabot
2023-03,92,Lullabot
2023-04,93,Lullabot
2023-05,94,Lullabot
2023-06,95,Lullabot
2023-07,96,Lullabot
2023-08,97,Lullabot
2023-09,98,Lullabot
2023-10,99,Lullabot
2023-11,100,Lullabot
2023-12,101,Lullabot
2024-01,102,Lullabot
2024-02,103,Lullabot
2024-03,104,Lullabot
2024-04,105,Lullabot
2024-05,106,Lullabot
2019-02,1,NLnetLabs
2019-03,2,NLnetLabs
2019-04,3,NLnetLabs
2019-05,4,NLnetLabs
2019-06,5,NLnetLabs
2019-07,6,NLnetLabs
2019-08,7,NLnetLabs
2019-09,8,NLnetLabs
2019-10,9,NLnetLabs
2019-11,10,NLnetLabs
2019-12,11,NLnetLabs
2020-01,12,NLnetLabs
2020-02,13,NLnetLabs
2020-03,14,NLnetLabs
2020-04,15,NLnetLabs
2020-05,16,NLnetLabs
2020-06,17,NLnetLabs
2020-07,18,NLnetLabs
2020-08,19,NLnetLabs
2020-09,20,NLnetLabs
2020-10,21,NLnetLabs
2020-11,22,NLnetLabs
2020-12,23,NLnetLabs
2021-01,24,NLnetLabs
2021-02,25,NLnetLabs
2021-03,26,NLnetLabs
2021-04,27,NLnetLabs
2021-05,28,NLnetLabs
2021-06,29,NLnetLabs
2021-07,30,NLnetLabs
2021-08,31,NLnetLabs
2021-09,32,NLnetLabs
2021-10,33,NLnetLabs
2021-11,34,NLnetLabs
2021-12,35,NLnetLabs
2022-01,36,NLnetLabs
2022-02,37,NLnetLabs
2022-03,38,NLnetLabs
2022-04,39,NLnetLabs
2022-05,40,NLnetLabs
2022-06,41,NLnetLabs
2022-07,42,NLnetLabs
2022-08,43,NLnetLabs
2022-09,44,NLnetLabs
2022-10,45,NLnetLabs
2022-11,46,NLnetLabs
2022-12,47,NLnetLabs
2023-01,48,NLnetLabs
2023-02,49,NLnetLabs
2023-03,50,NLnetLabs
2023-04,51,NLnetLabs
2023-05,52,NLnetLabs
2023-06,53,NLnetLabs
2023-07,54,NLnetLabs
2023-08,55,NLnetLabs
2023-09,56,NLnetLabs
2023-10,57,NLnetLabs
2023-11,58,NLnetLabs
2023-12,59,NLnetLabs
2024-01,60,NLnetLabs
2024-02,61,NLnetLabs
2024-03,62,NLnetLabs
2024-04,63,NLnetLabs
2024-05,64,NLnetLabs
2013-07,1,OpenMathLib
2013-08,2,OpenMathLib
2013-09,3,OpenMathLib
2013-10,4,OpenMathLib
2013-11,5,OpenMathLib
2013-12,6,OpenMathLib
2014-01,7,OpenMathLib
2014-02,8,OpenMathLib
2014-03,9,OpenMathLib
2014-04,10,OpenMathLib
2014-05,11,OpenMathLib
2014-06,12,OpenMathLib
2014-07,13,OpenMathLib
2014-08,14,OpenMathLib
2014-09,15,OpenMathLib
2014-10,16,OpenMathLib
2014-11,17,OpenMathLib
2014-12,18,OpenMathLib
2015-01,19,OpenMathLib
2015-02,20,OpenMathLib
2015-03,21,OpenMathLib
2015-04,22,OpenMathLib
2015-05,23,OpenMathLib
2015-06,24,OpenMathLib
2015-07,25,OpenMathLib
2015-08,26,OpenMathLib
2015-09,27,OpenMathLib
2015-10,28,OpenMathLib
2015-11,29,OpenMathLib
2015-12,30,OpenMathLib
2016-01,31,OpenMathLib
2016-02,32,OpenMathLib
2016-03,33,OpenMathLib
2016-04,34,OpenMathLib
2016-05,35,OpenMathLib
2016-06,36,OpenMathLib
2016-07,37,OpenMathLib
2016-08,38,OpenMathLib
2016-09,39,OpenMathLib
2016-10,40,OpenMathLib
2016-11,41,OpenMathLib
2016-12,42,OpenMathLib
2017-01,43,OpenMathLib
2017-02,44,OpenMathLib
2017-03,45,OpenMathLib
2017-04,46,OpenMathLib
2017-05,47,OpenMathLib
2017-06,48,OpenMathLib
2017-07,49,OpenMathLib
2017-08,50,OpenMathLib
2017-09,51,OpenMathLib
2017-10,52,OpenMathLib
2017-11,53,OpenMathLib
2017-12,54,OpenMathLib
2018-01,55,OpenMathLib
2018-02,56,OpenMathLib
2018-03,57,OpenMathLib
2018-04,58,OpenMathLib
2018-05,59,OpenMathLib
2018-06,60,OpenMathLib
2018-07,61,OpenMathLib
2018-08,62,OpenMathLib
2018-09,63,OpenMathLib
2018-10,64,OpenMathLib
2018-11,65,OpenMathLib
2018-12,66,OpenMathLib
2019-01,67,OpenMathLib
2019-02,68,OpenMathLib
2019-03,69,OpenMathLib
2019-04,70,OpenMathLib
2019-05,71,OpenMathLib
2019-06,72,OpenMathLib
2019-07,73,OpenMathLib
2019-08,74,OpenMathLib
2019-09,75,OpenMathLib
2019-10,76,OpenMathLib
2019-11,77,OpenMathLib
2019-12,78,OpenMathLib
2020-01,79,OpenMathLib
2020-02,80,OpenMathLib
2020-03,81,OpenMathLib
2020-04,82,OpenMathLib
2020-05,83,OpenMathLib
2020-06,84,OpenMathLib
2020-07,85,OpenMathLib
2020-08,86,OpenMathLib
2020-09,87,OpenMathLib
2020-10,88,OpenMathLib
2020-11,89,OpenMathLib
2020-12,90,OpenMathLib
2021-01,91,OpenMathLib
2021-02,92,OpenMathLib
2021-03,93,OpenMathLib
2021-04,94,OpenMathLib
2021-05,95,OpenMathLib
2021-06,96,OpenMathLib
2021-07,97,OpenMathLib
2021-08,98,OpenMathLib
2021-09,99,OpenMathLib
2021-10,100,OpenMathLib
2021-11,101,OpenMathLib
2021-12,102,OpenMathLib
2022-01,103,OpenMathLib
2022-02,104,OpenMathLib
2022-03,105,OpenMathLib
2022-04,106,OpenMathLib
2022-05,107,OpenMathLib
2022-06,108,OpenMathLib
2022-07,109,OpenMathLib
2022-08,110,OpenMathLib
2022-09,111,OpenMathLib
2022-10,112,OpenMathLib
2022-11,113,OpenMathLib
2022-12,114,OpenMathLib
2023-01,115,OpenMathLib
2023-02,116,OpenMathLib
2023-03,117,OpenMathLib
2023-04,118,OpenMathLib
2023-05,119,OpenMathLib
2023-06,120,OpenMathLib
2023-07,121,OpenMathLib
2023-08,122,OpenMathLib
2023-09,123,OpenMathLib
2023-10,124,OpenMathLib
2023-11,125,OpenMathLib
2023-12,126,OpenMathLib
2024-01,127,OpenMathLib
2024-02,128,OpenMathLib
2024-03,129,OpenMathLib
2024-04,130,OpenMathLib
2024-05,131,OpenMathLib
2021-06,1,openmls
2021-07,2,openmls
2021-08,3,openmls
2021-09,4,openmls
2021-10,5,openmls
2021-11,6,openmls
2021-12,7,openmls
2022-01,8,openmls
2022-02,9,openmls
2022-03,10,openmls
2022-04,11,openmls
2022-05,12,openmls
2022-06,13,openmls
2022-07,14,openmls
2022-08,15,openmls
2022-09,16,openmls
2022-10,17,openmls
2022-11,18,openmls
2022-12,19,openmls
2023-01,20,openmls
2023-02,21,openmls
2023-03,22,openmls
2023-04,23,openmls
2023-05,24,openmls
2023-06,25,openmls
2023-07,26,openmls
2023-08,27,openmls
2023-09,28,openmls
2023-10,29,openmls
2023-11,30,openmls
2023-12,31,openmls
2024-01,32,openmls
2024-02,33,openmls
2024-03,34,openmls
2024-04,35,openmls
2024-05,36,openmls
2014-07,1,openpgpjs
2014-08,2,openpgpjs
2014-09,3,openpgpjs
2014-10,4,openpgpjs
2014-11,5,openpgpjs
2014-12,6,openpgpjs
2015-01,7,openpgpjs
2015-02,8,openpgpjs
2015-03,9,openpgpjs
2015-04,10,openpgpjs
2015-05,11,openpgpjs
2015-06,12,openpgpjs
2015-07,13,openpgpjs
2015-08,14,openpgpjs
2015-09,15,openpgpjs
2015-10,16,openpgpjs
2015-11,17,openpgpjs
2015-12,18,openpgpjs
2016-01,19,openpgpjs
2016-02,20,openpgpjs
2016-03,21,openpgpjs
2016-04,22,openpgpjs
2016-05,23,openpgpjs
2016-06,24,openpgpjs
2016-07,25,openpgpjs
2016-08,26,openpgpjs
2016-09,27,openpgpjs
2016-10,28,openpgpjs
2016-11,29,openpgpjs
2016-12,30,openpgpjs
2017-01,31,openpgpjs
2017-02,32,openpgpjs
2017-03,33,openpgpjs
2017-04,34,openpgpjs
2017-05,35,openpgpjs
2017-06,36,openpgpjs
2017-07,37,openpgpjs
2017-08,38,openpgpjs
2017-09,39,openpgpjs
2017-10,40,openpgpjs
2017-11,41,openpgpjs
2017-12,42,openpgpjs
2018-01,43,openpgpjs
2018-02,44,openpgpjs
2018-03,45,openpgpjs
2018-04,46,openpgpjs
2018-05,47,openpgpjs
2018-06,48,openpgpjs
2018-07,49,openpgpjs
2018-08,50,openpgpjs
2018-09,51,openpgpjs
2018-10,52,openpgpjs
2018-11,53,openpgpjs
2018-12,54,openpgpjs
2019-01,55,openpgpjs
2019-02,56,openpgpjs
2019-03,57,openpgpjs
2019-04,58,openpgpjs
2019-05,59,openpgpjs
2019-06,60,openpgpjs
2019-07,61,openpgpjs
2019-08,62,openpgpjs
2019-09,63,openpgpjs
2019-10,64,openpgpjs
2019-11,65,openpgpjs
2019-12,66,openpgpjs
2020-01,67,openpgpjs
2020-02,68,openpgpjs
2020-03,69,openpgpjs
2020-04,70,openpgpjs
2020-05,71,openpgpjs
2020-06,72,openpgpjs
2020-07,73,openpgpjs
2020-08,74,openpgpjs
2020-09,75,openpgpjs
2020-10,76,openpgpjs
2020-11,77,openpgpjs
2020-12,78,openpgpjs
2021-01,79,openpgpjs
2021-02,80,openpgpjs
2021-03,81,openpgpjs
2021-04,82,openpgpjs
2021-05,83,openpgpjs
2021-06,84,openpgpjs
2021-07,85,openpgpjs
2021-08,86,openpgpjs
2021-09,87,openpgpjs
2021-10,88,openpgpjs
2021-11,89,openpgpjs
2021-12,90,openpgpjs
2022-01,91,openpgpjs
2022-02,92,openpgpjs
2022-03,93,openpgpjs
2022-04,94,openpgpjs
2022-05,95,openpgpjs
2022-06,96,openpgpjs
2022-07,97,openpgpjs
2022-08,98,openpgpjs
2022-09,99,openpgpjs
2022-10,100,openpgpjs
2022-11,101,openpgpjs
2022-12,102,openpgpjs
2023-01,103,openpgpjs
2023-02,104,openpgpjs
2023-03,105,openpgpjs
2023-04,106,openpgpjs
2023-05,107,openpgpjs
2023-06,108,openpgpjs
2023-07,109,openpgpjs
2023-08,110,openpgpjs
2023-09,111,openpgpjs
2023-10,112,openpgpjs
2023-11,113,openpgpjs
2023-12,114,openpgpjs
2024-01,115,openpgpjs
2024-02,116,openpgpjs
2024-03,117,openpgpjs
2024-04,118,openpgpjs
2024-05,119,openpgpjs
2022-07,1,pendulum-project
2022-08,2,pendulum-project
2022-09,3,pendulum-project
2022-10,4,pendulum-project
2022-11,5,pendulum-project
2022-12,6,pendulum-project
2023-01,7,pendulum-project
2023-02,8,pendulum-project
2023-03,9,pendulum-project
2023-04,10,pendulum-project
2023-05,11,pendulum-project
2023-06,12,pendulum-project
2023-07,13,pendulum-project
2023-08,14,pendulum-project
2023-09,15,pendulum-project
2023-10,16,pendulum-project
2023-11,17,pendulum-project
2023-12,18,pendulum-project
2024-01,19,pendulum-project
2024-02,20,pendulum-project
2024-03,21,pendulum-project
2024-04,22,pendulum-project
2024-05,23,pendulum-project
2021-04,1,php
2021-05,2,php
2021-06,3,php
2021-07,4,php
2021-08,5,php
2021-09,6,php
2021-10,7,php
2021-11,8,php
2021-12,9,php
2022-01,10,php
2022-02,11,php
2022-03,12,php
2022-04,13,php
2022-05,14,php
2022-06,15,php
2022-07,16,php
2022-08,17,php
2022-09,18,php
2022-10,19,php
2022-11,20,php
2022-12,21,php
2023-01,22,php
2023-02,23,php
2023-03,24,php
2023-04,25,php
2023-05,26,php
2023-06,27,php
2023-07,28,php
2023-08,29,php
2023-09,30,php
2023-10,31,php
2023-11,32,php
2023-12,33,php
2024-01,34,php
2024-02,35,php
2024-03,36,php
2024-04,37,php
2024-05,38,php
2023-04,1,prefix-dev
2023-05,2,prefix-dev
2023-06,3,prefix-dev
2023-07,4,prefix-dev
2023-08,5,prefix-dev
2023-09,6,prefix-dev
2023-10,7,prefix-dev
2023-11,8,prefix-dev
2023-12,9,prefix-dev
2024-01,10,prefix-dev
2024-02,11,prefix-dev
2024-03,12,prefix-dev
2024-04,13,prefix-dev
2024-05,14,prefix-dev
2023-06,1,pyca
2023-07,2,pyca
2023-08,3,pyca
2023-09,4,pyca
2023-10,5,pyca
2023-11,6,pyca
2023-12,7,pyca
2024-01,8,pyca
2024-02,9,pyca
2024-03,10,pyca
2024-04,11,pyca
2024-05,12,pyca
2014-03,1,qos-ch
2014-04,2,qos-ch
2014-05,3,qos-ch
2014-06,4,qos-ch
2014-07,5,qos-ch
2014-08,6,qos-ch
2014-09,7,qos-ch
2014-10,8,qos-ch
2014-11,9,qos-ch
2014-12,10,qos-ch
2015-01,11,qos-ch
2015-02,12,qos-ch
2015-03,13,qos-ch
2015-04,14,qos-ch
2015-05,15,qos-ch
2015-06,16,qos-ch
2015-07,17,qos-ch
2015-08,18,qos-ch
2015-09,19,qos-ch
2015-10,20,qos-ch
2015-11,21,qos-ch
2015-12,22,qos-ch
2016-01,23,qos-ch
2016-02,24,qos-ch
2016-03,25,qos-ch
2016-04,26,qos-ch
2016-05,27,qos-ch
2016-06,28,qos-ch
2016-07,29,qos-ch
2016-08,30,qos-ch
2016-09,31,qos-ch
2016-10,32,qos-ch
2016-11,33,qos-ch
2016-12,34,qos-ch
2017-01,35,qos-ch
2017-02,36,qos-ch
2017-03,37,qos-ch
2017-04,38,qos-ch
2017-05,39,qos-ch
2017-06,40,qos-ch
2017-07,41,qos-ch
2017-08,42,qos-ch
2017-09,43,qos-ch
2017-10,44,qos-ch
2017-11,45,qos-ch
2017-12,46,qos-ch
2018-01,47,qos-ch
2018-02,48,qos-ch
2018-03,49,qos-ch
2018-04,50,qos-ch
2018-05,51,qos-ch
2018-06,52,qos-ch
2018-07,53,qos-ch
2018-08,54,qos-ch
2018-09,55,qos-ch
2018-10,56,qos-ch
2018-11,57,qos-ch
2018-12,58,qos-ch
2019-01,59,qos-ch
2019-02,60,qos-ch
2019-03,61,qos-ch
2019-04,62,qos-ch
2019-05,63,qos-ch
2019-06,64,qos-ch
2019-07,65,qos-ch
2019-08,66,qos-ch
2019-09,67,qos-ch
2019-10,68,qos-ch
2019-11,69,qos-ch
2019-12,70,qos-ch
2020-01,71,qos-ch
2020-02,72,qos-ch
2020-03,73,qos-ch
2020-04,74,qos-ch
2020-05,75,qos-ch
2020-06,76,qos-ch
2020-07,77,qos-ch
2020-08,78,qos-ch
2020-09,79,qos-ch
2020-10,80,qos-ch
2020-11,81,qos-ch
2020-12,82,qos-ch
2021-01,83,qos-ch
2021-02,84,qos-ch
2021-03,85,qos-ch
2021-04,86,qos-ch
2021-05,87,qos-ch
2021-06,88,qos-ch
2021-07,89,qos-ch
2021-08,90,qos-ch
2021-09,91,qos-ch
2021-10,92,qos-ch
2021-11,93,qos-ch
2021-12,94,qos-ch
2022-01,95,qos-ch
2022-02,96,qos-ch
2022-03,97,qos-ch
2022-04,98,qos-ch
2022-05,99,qos-ch
2022-06,100,qos-ch
2022-07,101,qos-ch
2022-08,102,qos-ch
2022-09,103,qos-ch
2022-10,104,qos-ch
2022-11,105,qos-ch
2022-12,106,qos-ch
2023-01,107,qos-ch
2023-02,108,qos-ch
2023-03,109,qos-ch
2023-04,110,qos-ch
2023-05,111,qos-ch
2023-06,112,qos-ch
2023-07,113,qos-ch
2023-08,114,qos-ch
2023-09,115,qos-ch
2023-10,116,qos-ch
2023-11,117,qos-ch
2023-12,118,qos-ch
2024-01,119,qos-ch
2024-02,120,qos-ch
2024-03,121,qos-ch
2024-04,122,qos-ch
2024-05,123,qos-ch
2017-08,1,rubygems
2017-09,2,rubygems
2017-10,3,rubygems
2017-11,4,rubygems
2017-12,5,rubygems
2018-01,6,rubygems
2018-02,7,rubygems
2018-03,8,rubygems
2018-04,9,rubygems
2018-05,10,rubygems
2018-06,11,rubygems
2018-07,12,rubygems
2018-08,13,rubygems
2018-09,14,rubygems
2018-10,15,rubygems
2018-11,16,rubygems
2018-12,17,rubygems
2019-01,18,rubygems
2019-02,19,rubygems
2019-03,20,rubygems
2019-04,21,rubygems
2019-05,22,rubygems
2019-06,23,rubygems
2019-07,24,rubygems
2019-08,25,rubygems
2019-09,26,rubygems
2019-10,27,rubygems
2019-11,28,rubygems
2019-12,29,rubygems
2020-01,30,rubygems
2020-02,31,rubygems
2020-03,32,rubygems
2020-04,33,rubygems
2020-05,34,rubygems
2020-06,35,rubygems
2020-07,36,rubygems
2020-08,37,rubygems
2020-09,38,rubygems
2020-10,39,rubygems
2020-11,40,rubygems
2020-12,41,rubygems
2021-01,42,rubygems
2021-02,43,rubygems
2021-03,44,rubygems
2021-04,45,rubygems
2021-05,46,rubygems
2021-06,47,rubygems
2021-07,48,rubygems
2021-08,49,rubygems
2021-09,50,rubygems
2021-10,51,rubygems
2021-11,52,rubygems
2021-12,53,rubygems
2022-01,54,rubygems
2022-02,55,rubygems
2022-03,56,rubygems
2022-04,57,rubygems
2022-05,58,rubygems
2022-06,59,rubygems
2022-07,60,rubygems
2022-08,61,rubygems
2022-09,62,rubygems
2022-10,63,rubygems
2022-11,64,rubygems
2022-12,65,rubygems
2023-01,66,rubygems
2023-02,67,rubygems
2023-03,68,rubygems
2023-04,69,rubygems
2023-05,70,rubygems
2023-06,71,rubygems
2023-07,72,rubygems
2023-08,73,rubygems
2023-09,74,rubygems
2023-10,75,rubygems
2023-11,76,rubygems
2023-12,77,rubygems
2024-01,78,rubygems
2024-02,79,rubygems
2024-03,80,rubygems
2024-04,81,rubygems
2024-05,82,rubygems
2021-06,1,rustls
2021-07,2,rustls
2021-08,3,rustls
2021-09,4,rustls
2021-10,5,rustls
2021-11,6,rustls
2021-12,7,rustls
2022-01,8,rustls
2022-02,9,rustls
2022-03,10,rustls
2022-04,11,rustls
2022-05,12,rustls
2022-06,13,rustls
2022-07,14,rustls
2022-08,15,rustls
2022-09,16,rustls
2022-10,17,rustls
2022-11,18,rustls
2022-12,19,rustls
2023-01,20,rustls
2023-02,21,rustls
2023-03,22,rustls
2023-04,23,rustls
2023-05,24,rustls
2023-06,25,rustls
2023-07,26,rustls
2023-08,27,rustls
2023-09,28,rustls
2023-10,29,rustls
2023-11,30,rustls
2023-12,31,rustls
2024-01,32,rustls
2024-02,33,rustls
2024-03,34,rustls
2024-04,35,rustls
2024-05,36,rustls
2014-03,1,systemd
2014-04,2,systemd
2014-05,3,systemd
2014-06,4,systemd
2014-07,5,systemd
2014-08,6,systemd
2014-09,7,systemd
2014-10,8,systemd
2014-11,9,systemd
2014-12,10,systemd
2015-01,11,systemd
2015-02,12,systemd
2015-03,13,systemd
2015-04,14,systemd
2015-05,15,systemd
2015-06,16,systemd
2015-07,17,systemd
2015-08,18,systemd
2015-09,19,systemd
2015-10,20,systemd
2015-11,21,systemd
2015-12,22,systemd
2016-01,23,systemd
2016-02,24,systemd
2016-03,25,systemd
2016-04,26,systemd
2016-05,27,systemd
2016-06,28,systemd
2016-07,29,systemd
2016-08,30,systemd
2016-09,31,systemd
2016-10,32,systemd
2016-11,33,systemd
2016-12,34,systemd
2017-01,35,systemd
2017-02,36,systemd
2017-03,37,systemd
2017-04,38,systemd
2017-05,39,systemd
2017-06,40,systemd
2017-07,41,systemd
2017-08,42,systemd
2017-09,43,systemd
2017-10,44,systemd
2017-11,45,systemd
2017-12,46,systemd
2018-01,47,systemd
2018-02,48,systemd
2018-03,49,systemd
2018-04,50,systemd
2018-05,51,systemd
2018-06,52,systemd
2018-07,53,systemd
2018-08,54,systemd
2018-09,55,systemd
2018-10,56,systemd
2018-11,57,systemd
2018-12,58,systemd
2019-01,59,systemd
2019-02,60,systemd
2019-03,61,systemd
2019-04,62,systemd
2019-05,63,systemd
2019-06,64,systemd
2019-07,65,systemd
2019-08,66,systemd
2019-09,67,systemd
2019-10,68,systemd
2019-11,69,systemd
2019-12,70,systemd
2020-01,71,systemd
2020-02,72,systemd
2020-03,73,systemd
2020-04,74,systemd
2020-05,75,systemd
2020-06,76,systemd
2020-07,77,systemd
2020-08,78,systemd
2020-09,79,systemd
2020-10,80,systemd
2020-11,81,systemd
2020-12,82,systemd
2021-01,83,systemd
2021-02,84,systemd
2021-03,85,systemd
2021-04,86,systemd
2021-05,87,systemd
2021-06,88,systemd
2021-07,89,systemd
2021-08,90,systemd
2021-09,91,systemd
2021-10,92,systemd
2021-11,93,systemd
2021-12,94,systemd
2022-01,95,systemd
2022-02,96,systemd
2022-03,97,systemd
2022-04,98,systemd
2022-05,99,systemd
2022-06,100,systemd
2022-07,101,systemd
2022-08,102,systemd
2022-09,103,systemd
2022-10,104,systemd
2022-11,105,systemd
2022-12,106,systemd
2023-01,107,systemd
2023-02,108,systemd
2023-03,109,systemd
2023-04,110,systemd
2023-05,111,systemd
2023-06,112,systemd
2023-07,113,systemd
2023-08,114,systemd
2023-09,115,systemd
2023-10,116,systemd
2023-11,117,systemd
2023-12,118,systemd
2024-01,119,systemd
2024-02,120,systemd
2024-03,121,systemd
2024-04,122,systemd
2024-05,123,systemd
2015-01,1,tc39
2015-02,2,tc39
2015-03,3,tc39
2015-04,4,tc39
2015-05,5,tc39
2015-06,6,tc39
2015-07,7,tc39
2015-08,8,tc39
2015-09,9,tc39
2015-10,10,tc39
2015-11,11,tc39
2015-12,12,tc39
2016-01,13,tc39
2016-02,14,tc39
2016-03,15,tc39
2016-04,16,tc39
2016-05,17,tc39
2016-06,18,tc39
2016-07,19,tc39
2016-08,20,tc39
2016-09,21,tc39
2016-10,22,tc39
2016-11,23,tc39
2016-12,24,tc39
2017-01,25,tc39
2017-02,26,tc39
2017-03,27,tc39
2017-04,28,tc39
2017-05,29,tc39
2017-06,30,tc39
2017-07,31,tc39
2017-08,32,tc39
2017-09,33,tc39
2017-10,34,tc39
2017-11,35,tc39
2017-12,36,tc39
2018-01,37,tc39
2018-02,38,tc39
2018-03,39,tc39
2018-04,40,tc39
2018-05,41,tc39
2018-06,42,tc39
2018-07,43,tc39
2018-08,44,tc39
2018-09,45,tc39
2018-10,46,tc39
2018-11,47,tc39
2018-12,48,tc39
2019-01,49,tc39
2019-02,50,tc39
2019-03,51,tc39
2019-04,52,tc39
2019-05,53,tc39
2019-06,54,tc39
2019-07,55,tc39
2019-08,56,tc39
2019-09,57,tc39
2019-10,58,tc39
2019-11,59,tc39
2019-12,60,tc39
2020-01,61,tc39
2020-02,62,tc39
2020-03,63,tc39
2020-04,64,tc39
2020-05,65,tc39
2020-06,66,tc39
2020-07,67,tc39
2020-08,68,tc39
2020-09,69,tc39
2020-10,70,tc39
2020-11,71,tc39
2020-12,72,tc39
2021-01,73,tc39
2021-02,74,tc39
2021-03,75,tc39
2021-04,76,tc39
2021-05,77,tc39
2021-06,78,tc39
2021-07,79,tc39
2021-08,80,tc39
2021-09,81,tc39
2021-10,82,tc39
2021-11,83,tc39
2021-12,84,tc39
2022-01,85,tc39
2022-02,86,tc39
2022-03,87,tc39
2022-04,88,tc39
2022-05,89,tc39
2022-06,90,tc39
2022-07,91,tc39
2022-08,92,tc39
2022-09,93,tc39
2022-10,94,tc39
2022-11,95,tc39
2022-12,96,tc39
2023-01,97,tc39
2023-02,98,tc39
2023-03,99,tc39
2023-04,100,tc39
2023-05,101,tc39
2023-06,102,tc39
2023-07,103,tc39
2023-08,104,tc39
2023-09,105,tc39
2023-10,106,tc39
2023-11,107,tc39
2023-12,108,tc39
2024-01,109,tc39
2024-02,110,tc39
2024-03,111,tc39
2024-04,112,tc39
2024-05,113,tc39
2018-07,1,uutils
2018-08,2,uutils
2018-09,3,uutils
2018-10,4,uutils
2018-11,5,uutils
2018-12,6,uutils
2019-01,7,uutils
2019-02,8,uutils
2019-03,9,uutils
2019-04,10,uutils
2019-05,11,uutils
2019-06,12,uutils
2019-07,13,uutils
2019-08,14,uutils
2019-09,15,uutils
2019-10,16,uutils
2019-11,17,uutils
2019-12,18,uutils
2020-01,19,uutils
2020-02,20,uutils
2020-03,21,uutils
2020-04,22,uutils
2020-05,23,uutils
2020-06,24,uutils
2020-07,25,uutils
2020-08,26,uutils
2020-09,27,uutils
2020-10,28,uutils
2020-11,29,uutils
2020-12,30,uutils
2021-01,31,uutils
2021-02,32,uutils
2021-03,33,uutils
2021-04,34,uutils
2021-05,35,uutils
2021-06,36,uutils
2021-07,37,uutils
2021-08,38,uutils
2021-09,39,uutils
2021-10,40,uutils
2021-11,41,uutils
2021-12,42,uutils
2022-01,43,uutils
2022-02,44,uutils
2022-03,45,uutils
2022-04,46,uutils
2022-05,47,uutils
2022-06,48,uutils
2022-07,49,uutils
2022-08,50,uutils
2022-09,51,uutils
2022-10,52,uutils
2022-11,53,uutils
2022-12,54,uutils
2023-01,55,uutils
2023-02,56,uutils
2023-03,57,uutils
2023-04,58,uutils
2023-05,59,uutils
2023-06,60,uutils
2023-07,61,uutils
2023-08,62,uutils
2023-09,63,uutils
2023-10,64,uutils
2023-11,65,uutils
2023-12,66,uutils
2024-01,67,uutils
2024-02,68,uutils
2024-03,69,uutils
2024-04,70,uutils
2024-05,71,uutils
2013-10,1,w3c
2013-11,2,w3c
2013-12,3,w3c
2014-01,4,w3c
2014-02,5,w3c
2014-03,6,w3c
2014-04,7,w3c
2014-05,8,w3c
2014-06,9,w3c
2014-07,10,w3c
2014-08,11,w3c
2014-09,12,w3c
2014-10,13,w3c
2014-11,14,w3c
2014-12,15,w3c
2015-01,16,w3c
2015-02,17,w3c
2015-03,18,w3c
2015-04,19,w3c
2015-05,20,w3c
2015-06,21,w3c
2015-07,22,w3c
2015-08,23,w3c
2015-09,24,w3c
2015-10,25,w3c
2015-11,26,w3c
2015-12,27,w3c
2016-01,28,w3c
2016-02,29,w3c
2016-03,30,w3c
2016-04,31,w3c
2016-05,32,w3c
2016-06,33,w3c
2016-07,34,w3c
2016-08,35,w3c
2016-09,36,w3c
2016-10,37,w3c
2016-11,38,w3c
2016-12,39,w3c
2017-01,40,w3c
2017-02,41,w3c
2017-03,42,w3c
2017-04,43,w3c
2017-05,44,w3c
2017-06,45,w3c
2017-07,46,w3c
2017-08,47,w3c
2017-09,48,w3c
2017-10,49,w3c
2017-11,50,w3c
2017-12,51,w3c
2018-01,52,w3c
2018-02,53,w3c
2018-03,54,w3c
2018-04,55,w3c
2018-05,56,w3c
2018-06,57,w3c
2018-07,58,w3c
2018-08,59,w3c
2018-09,60,w3c
2018-10,61,w3c
2018-11,62,w3c
2018-12,63,w3c
2019-01,64,w3c
2019-02,65,w3c
2019-03,66,w3c
2019-04,67,w3c
2019-05,68,w3c
2019-06,69,w3c
2019-07,70,w3c
2019-08,71,w3c
2019-09,72,w3c
2019-10,73,w3c
2019-11,74,w3c
2019-12,75,w3c
2020-01,76,w3c
2020-02,77,w3c
2020-03,78,w3c
2020-04,79,w3c
2020-05,80,w3c
2020-06,81,w3c
2020-07,82,w3c
2020-08,83,w3c
2020-09,84,w3c
2020-10,85,w3c
2020-11,86,w3c
2020-12,87,w3c
2021-01,88,w3c
2021-02,89,w3c
2021-03,90,w3c
2021-04,91,w3c
2021-05,92,w3c
2021-06,93,w3c
2021-07,94,w3c
2021-08,95,w3c
2021-09,96,w3c
2021-10,97,w3c
2021-11,98,w3c
2021-12,99,w3c
2022-01,100,w3c
2022-02,101,w3c
2022-03,102,w3c
2022-04,103,w3c
2022-05,104,w3c
2022-06,105,w3c
2022-07,106,w3c
2022-08,107,w3c
2022-09,108,w3c
2022-10,109,w3c
2022-11,110,w3c
2022-12,111,w3c
2023-01,112,w3c
2023-02,113,w3c
2023-03,114,w3c
2023-04,115,w3c
2023-05,116,w3c
2023-06,117,w3c
2023-07,118,w3c
2023-08,119,w3c
2023-09,120,w3c
2023-10,121,w3c
2023-11,122,w3c
2023-12,123,w3c
2024-01,124,w3c
2024-02,125,w3c
2024-03,126,w3c
2024-04,127,w3c
2024-05,128,w3c
2023-08,1,sequoia-pgp
2023-09,2,sequoia-pgp
2023-10,3,sequoia-pgp
2023-11,4,sequoia-pgp
2023-12,5,sequoia-pgp
2024-01,6,sequoia-pgp
2024-02,7,sequoia-pgp
2024-03,8,sequoia-pgp
2024-04,9,sequoia-pgp
2024-05,10,sequoia-pgp
